Jan/2020,LB_GERAL,B5P10AB,B5P10ABUNA,ACESSÓRIOS,PEDESTAL PARA MÁQUINA LAVA&SECA,BRASTEMP,BRANCO,S/ VOLTAGEM,S/ VOLTAGEM,N/A,7891129500006,94032000
Jan/2020,LB_GERAL,B5P10AS,B5P10ASUNA,ACESSÓRIOS,PEDESTAL PARA MÁQUINA LAVA&SECA,BRASTEMP,PRATA,S/ VOLTAGEM,S/ VOLTAGEM,N/A,7891129500013,94032000
Jan/2020,LB_GERAL,CCB07DB,CCB07DBANA,CA,AC JANELA - 7.500 BTU'S FRIO - MECÂNICO (CLASSE A),CONSUL,BRANCO,127V,127V-220V,A,7891129217317,84151019
Jan/2020,LB_GERAL,CCB07DB,CCB07DBBNA,CA,AC JANELA - 7.500 BTU'S FRIO - MECÂNICO (CLASSE A),CONSUL,BRANCO,220V,127V-220V,A,7891129217324,84151019
Jan/2020,LB_GERAL,CCB10DB,CCB10DBANA,CA,AC JANELA - 10.000 BTU'S FRIO - MECÂNICO (CLASSE A),CONSUL,BRANCO,127V,127V-220V,A,7891129217416,84151019
Jan/2020,LB_GERAL,CCB10DB,CCB10DBBNA,CA,AC JANELA - 10.000 BTU'S FRIO - MECÂNICO (CLASSE A),CONSUL,BRANCO,220V,127V-220V,A,7891129217423,84151019
Jan/2020,LB_GERAL,CCF07EB,CCF07EBANA,CA,"AC JANELA - 7.500 BTU'S FRIO - MECÂNICO (SOMENTE NORTE, CO E NORDESTE)",CONSUL,BRANCO,127V,127V-220V,A,7891129234352,84151019
Jan/2020,LB_GERAL,CCF07EB,CCF07EBBNA,CA,"AC JANELA - 7.500 BTU'S FRIO - MECÂNICO (SOMENTE NORTE, CO E NORDESTE)",CONSUL,BRANCO,220V,127V-220V,A,7891129234369,84151019
Jan/2020,LB_GERAL,CCF21DB,CCF21DBBNA,CA,AC JANELA - 21.000 BTU'S FRIO - MECÂNICO,CONSUL,BRANCO,220V,220V,A,7891129161122,84151019
Jan/2020,LB_GERAL,CCI12EB,CCI12EBANA,CA,AC JANELA - 12.000 BTU'S FRIO - MECÂNICO,CONSUL,BRANCO,127V,127V,A,7891129234536,84151019
Jan/2020,LB_GERAL,CCI18DB,CCI18DBBNA,CA,AC JANELA - 18.000 BTU'S FRIO - MECÂNICO,CONSUL,BRANCO,220V,220V,A,7891129161603,84151019
Jan/2020,LB_GERAL,CCM12DB,CCM12DBBNA,CA,AC JANELA - 12.000 BTU'S QUENTE/FRIO - MECÂNICO,CONSUL,BRANCO,220V,220V,A,7891129161658,84151019
Jan/2020,LB_GERAL,CCM18DB,CCM18DBBNA,CA,AC JANELA - 18.000 BTU'S QUENTE/FRIO - MECÂNICO,CONSUL,BRANCO,220V,220V,D,7891129161597,84151019
Jan/2020,LB_GERAL,CCN07DB,CCN07DBANA,CA,AC JANELA - 7.500 BTU'S FRIO - DIGITAL (CLASSE A),CONSUL,BRANCO,127V,127V-220V,A,7891129217348,84151019
Jan/2020,LB_GERAL,CCN07DB,CCN07DBBNA,CA,AC JANELA - 7.500 BTU'S FRIO - DIGITAL (CLASSE A),CONSUL,BRANCO,220V,127V-220V,A,7891129217355,84151019
Jan/2020,LB_GERAL,CCN10DB,CCN10DBANA,CA,AC JANELA - 10.000 BTU'S FRIO - DIGITAL (CLASSE A),CONSUL,BRANCO,127V,127V-220V,A,7891129217379,84151019
Jan/2020,LB_GERAL,CCN10DB,CCN10DBBNA,CA,AC JANELA - 10.000 BTU'S FRIO - DIGITAL (CLASSE A),CONSUL,BRANCO,220V,127V-220V,A,7891129217386,84151019
Jan/2020,LB_GERAL,CCO07DB,CCO07DBBNA,CA,AC JANELA - 7.500 BTU'S QUENTE/FRIO - DIGITAL (CLASSE A),CONSUL,BRANCO,220V,220V,A,7891129217362,84151019
Jan/2020,LB_GERAL,CCO10DB,CCO10DBBNA,CA,AC JANELA - 10.000 BTU'S QUENTE/FRIO - DIGITAL (CLASSE A),CONSUL,BRANCO,220V,220V,A,7891129217409,84151019
Jan/2020,LB_GERAL,CCR21DB,CCR21DBBNA,CA,AC JANELA - 21.000 BTU'S QUENTE/FRIO - MECÂNICO,CONSUL,BRANCO,220V,220V,A,7891129161139,84151019
Jan/2020,LB_GERAL,CCS07DB,CCS07DBBNA,CA,AC JANELA - 7.500 BTU'S QUENTE/FRIO - MECÂNICO (CLASSE A),CONSUL,BRANCO,220V,220V,A,7891129217331,84151019
Jan/2020,LB_GERAL,CCS10DB,CCS10DBBNA,CA,AC JANELA - 10.000 BTU'S QUENTE/FRIO - MECÂNICO (CLASSE A),CONSUL,BRANCO,220V,220V,A,7891129217393,84151019
Jan/2020,LB_GERAL,CCY12DB,CCY12DBBNA,CA,AC JANELA - 12.000 BTU'S FRIO - ELETRÔNICO,CONSUL,BRANCO,220V,127V-220V,A,7891129161672,84151019
Jan/2020,LB_GERAL,CCY12EB,CCY12EBANA,CA,AC JANELA - 12.000 BTU'S FRIO - ELETRÔNICO,CONSUL,BRANCO,127V,127V,A,7891129234543,84151019
Jan/2020,LB_GERAL,CCZ12DB,CCZ12DBBNA,CA,AC JANELA - 12.000 BTU'S QUENTE/FRIO - ELETRÔNICO,CONSUL,BRANCO,220V,220V,A,7891129161641,84151019
Jan/2020,LB_GERAL,CCB07EB,CCB07EBANA,CA,AC JANELA - 7.500 BTU'S FRIO - MECÂNICO,CONSUL,BRANCO,127V,127V-220V,A,7891129255890,84151019
Jan/2020,LB_GERAL,CCB07EB,CCB07EBBNA,CA,AC JANELA - 7.500 BTU'S FRIO - MECÂNICO,CONSUL,BRANCO,220V,127V-220V,A,7891129263505,84151019
Jan/2020,LB_GERAL,CCB10EB,CCB10EBANA,CA,AC JANELA - 10.000 BTU'S FRIO - MECÂNICO,CONSUL,BRANCO,127V,127V-220V,A,7891129263543,84151019
Jan/2020,LB_GERAL,CCB10EB,CCB10EBBNA,CA,AC JANELA - 10.000 BTU'S FRIO - MECÂNICO,CONSUL,BRANCO,220V,127V-220V,A,7891129263550,84151019
Jan/2020,LB_GERAL,CCB12EB,CCB12EBANA,CA,AC JANELA - 12.000 BTU'S FRIO - MECÂNICO,CONSUL,BRANCO,127V,127V-220V,B,7891129263598,84151019
Jan/2020,LB_GERAL,CCB12EB,CCB12EBBNA,CA,AC JANELA - 12.000 BTU'S FRIO - MECÂNICO,CONSUL,BRANCO,220V,127V-220V,B,7891129263604,84151019
Jan/2020,LB_GERAL,CCI18EB,CCI18EBBNA,CA,AC JANELA - 18.000 BTU'S FRIO - MECÂNICO,CONSUL,BRANCO,220V,220V,A,7891129499904,84151019
Jan/2020,LB_GERAL,CCK07AB,CCK07ABXNA,CA,AC JANELA - 7.500 BTU'S FRIO - INVERTER FRIO,CONSUL,BRANCO,BIVOLT,BIVOLT,A,7891129499386,84151019
Jan/2020,LB_GERAL,CCK10AB,CCK10ABXNA,CA,AC JANELA - 10.000 BTU'S FRIO - INVERTER FRIO,CONSUL,BRANCO,BIVOLT,BIVOLT,A,7891129499393,84151019
Jan/2020,LB_GERAL,CCN07EB,CCN07EBANA,CA,AC JANELA - 7.500 BTU'S FRIO - DIGITAL,CONSUL,BRANCO,127V,127V-220V,A,7891129263529,84151019
Jan/2020,LB_GERAL,CCN07EB,CCN07EBBNA,CA,AC JANELA - 7.500 BTU'S FRIO - DIGITAL,CONSUL,BRANCO,220V,127V-220V,A,7891129263536,84151019
Jan/2020,LB_GERAL,CCN10EB,CCN10EBANA,CA,AC JANELA - 10.000 BTU'S FRIO - DIGITAL,CONSUL,BRANCO,127V,127V-220V,A,7891129263574,84151019
Jan/2020,LB_GERAL,CCN10EB,CCN10EBBNA,CA,AC JANELA - 10.000 BTU'S FRIO - DIGITAL,CONSUL,BRANCO,220V,127V-220V,A,7891129263581,84151019
Jan/2020,LB_GERAL,CCS07EB,CCS07EBBNA,CA,"AC JANELA - 7.500 BTU'S QUENTE/FRIO - MECÂNICO ",CONSUL,BRANCO,220V,220V,A,7891129263512,84151019
Jan/2020,LB_GERAL,CCS10EB,CCS10EBBNA,CA,AC JANELA - 10.000 BTU'S QUENTE/FRIO - MECÂNICO,CONSUL,BRANCO,220V,220V,A,7891129263567,84151019
Jan/2020,LB_GERAL,C1R07AB,C1R07ABANA,CLIMATIZADOR,CLIMATIZADOR PORTATIL CONSUL BEM ESTAR - QUENTE/FRIO - BRANCO,CONSUL,BRANCO,127V,127V-220V,N/A,7891129232044,85162900
Jan/2020,LB_GERAL,C1R07AB,C1R07ABBNA,CLIMATIZADOR,CLIMATIZADOR PORTATIL CONSUL BEM ESTAR - QUENTE/FRIO - BRANCO,CONSUL,BRANCO,220V,127V-220V,N/A,7891129232051,85162900
Jan/2020,LB_GERAL,C1R07AT,C1R07ATBNA,CLIMATIZADOR,CLIMATIZADOR PORTATIL CONSUL BEM ESTAR - QUENTE/FRIO - TITÂNIO,CONSUL,TITÂNIO,220V,127V-220V,N/A,7891129232808,85162900
Jan/2020,LB_GERAL,BA790BR,BA790BRRNA,COIFAS,COIFA PAREDE 90 CM BRASTEMP GOURMAND,BRASTEMP,INOX,220V,220V,N/A,7891129207431,84146000
Jan/2020,LB_GERAL,BA890BR,BA890BRRNA,COIFAS,COIFA ILHA 100 CM BRASTEMP GOURMAND,BRASTEMP,INOX,220V,220V,N/A,7891129207615,84146000
Jan/2020,LB_GERAL,BAE90AR,BAE90ARANA,COIFAS,COIFA TBOX PAREDE BRASTEMP 90 CM,BRASTEMP,INOX,127V,127V,N/A,7891129253469,84146000
Jan/2020,LB_GERAL,BAE90AR,BAE90ARBNA,COIFAS,COIFA TBOX PAREDE BRASTEMP 90 CM,BRASTEMP,INOX,220V,220V,N/A,7891129253476,84146000
Jan/2020,LB_GERAL,BAF10AR,BAF10ARANA,COIFAS,COIFA TBOX ILHA BRASTEMP 100 CM,BRASTEMP,INOX,127V,127V,N/A,7891129253483,84146000
Jan/2020,LB_GERAL,BAF10AR,BAF10ARBNA,COIFAS,COIFA TBOX ILHA BRASTEMP 100 CM,BRASTEMP,INOX,220V,220V,N/A,7891129253490,84146000
Jan/2020,LB_GERAL,BAI60BE,BAI60BEANA,COIFAS,COIFA BRASTEMP  PIRAMIDAL PRETA 60 CM,BRASTEMP,PRETA,127V,127V-220V,N/A,7891129219861,84146000
Jan/2020,LB_GERAL,BAI60BE,BAI60BEBNA,COIFAS,COIFA BRASTEMP  PIRAMIDAL PRETA 60 CM,BRASTEMP,PRETA,220V,127V-220V,N/A,7891129219878,84146000
Jan/2020,LB_GERAL,BAI60BR,BAI60BRANA,COIFAS,COIFA BRASTEMP  PIRAMIDAL INOX 60 CM,BRASTEMP,INOX,127V,127V-220V,N/A,7891129219984,84146000
Jan/2020,LB_GERAL,BAI60BR,BAI60BRBNA,COIFAS,COIFA BRASTEMP  PIRAMIDAL INOX 60 CM,BRASTEMP,INOX,220V,127V-220V,N/A,7891129219854,84146000
Jan/2020,LB_GERAL,BAI91BR,BAI91BRANA,COIFAS,COIFA BRASTEMP PIRAMIDAL INOX 90 CM,BRASTEMP,INOX,127V,127V-220V,N/A,7891129224025,84146000
Jan/2020,LB_GERAL,BAI91BR,BAI91BRBNA,COIFAS,COIFA BRASTEMP PIRAMIDAL INOX 90 CM,BRASTEMP,INOX,220V,127V-220V,N/A,7891129224032,84146000
Jan/2020,LB_GERAL,BAP90AR,BAP90ARANA,COIFAS,COIFA VIDRO PLANO PAREDE BRASTEMP 90 CM,BRASTEMP,INOX,127V,127V,N/A,7891129253421,84146000
Jan/2020,LB_GERAL,BAP90AR,BAP90ARBNA,COIFAS,COIFA VIDRO PLANO PAREDE BRASTEMP 90 CM,BRASTEMP,INOX,220V,220V,N/A,7891129253438,84146000
Jan/2020,LB_GERAL,BAV10AR,BAV10ARANA,COIFAS,COIFA VIDRO PLANO ILHA BRASTEMP 100 CM,BRASTEMP,INOX,127V,127V,N/A,7891129253445,84146000
Jan/2020,LB_GERAL,BAV10AR,BAV10ARBNA,COIFAS,COIFA VIDRO PLANO ILHA BRASTEMP 100 CM,BRASTEMP,INOX,220V,220V,N/A,7891129253452,84146000
Jan/2020,LB_GERAL,CA060BR,CA060BRANA,COIFAS,COIFA INOX PAREDE CONSUL 60CM,CONSUL,INOX,127V,127V-220V,N/A,7891129230101,84146000
Jan/2020,LB_GERAL,CA060BR,CA060BRBNA,COIFAS,COIFA INOX PAREDE CONSUL 60CM,CONSUL,INOX,220V,127V-220V,N/A,7891129230118,84146000
Jan/2020,LB_GERAL,CA090BR,CA090BRANA,COIFAS,COIFA INOX PAREDE CONSUL 90CM,CONSUL,INOX,127V,127V-220V,A,7891129230125,84146000
Jan/2020,LB_GERAL,CA090BR,CA090BRBNA,COIFAS,COIFA INOX PAREDE CONSUL 90CM,CONSUL,INOX,220V,127V-220V,N/A,7891129230132,84146000
Jan/2020,LB_GERAL,CAP60AR,CAP60ARANA,COIFAS,COIFA VIDRO PAREDE CONSUL 60CM,CONSUL,INOX,127V,127V-220V,N/A,7891129249844,84146000
Jan/2020,LB_GERAL,CAP60AR,CAP60ARBNA,COIFAS,COIFA VIDRO PAREDE CONSUL 60CM,CONSUL,INOX,220V,127V-220V,N/A,7891129250178,84146000
Jan/2020,LB_GERAL,CAP90AR,CAP90ARANA,COIFAS,COIFA VIDRO PAREDE 90CM,CONSUL,INOX,127V,127V-220V,N/A,7891129250185,84146000
Jan/2020,LB_GERAL,CAP90AR,CAP90ARBNA,COIFAS,COIFA VIDRO PAREDE 90CM,CONSUL,INOX,220V,127V-220V,N/A,7891129250192,84146000
Jan/2020,LB_GERAL,GAV75AB,GAV75ABBNA,COIFAS,COIFA LUMINÁRIA ILHA  BRASTEMP VITREOUS  BRANCA 220V  75 CM,BRASTEMP,BRANCO,220V,220V,N/A,7891129238091,84146000
Jan/2020,LB_GERAL,GAV80AB,GAV80ABBNA,COIFAS,COIFA PAREDE BRASTEMP VITREOUS BRANCA 80 CM 220V 60 HZ,BRASTEMP,BRANCO,220V,220V,N/A,7891129238084,84146000
Jan/2020,LB_GERAL,BAR90AR,BAR90ARANA,COIFAS,COIFA DE PAREDE BRASTEMP GOURM INOX 127V,BRASTEMP,INOX,127V,127V,N/A,7891129491601,8414600001
Jan/2020,LB_GERAL,BA890CR,BA890CRRNA,COIFAS,COIFAI NOX ILHA BRASTEMP GOURMAND 100CM,BRASTEMP,INOX,220V,220 V,N/A,7891129491670,84146000
Jan/2020,LB_GERAL,CDC31AE,CDC31AEUNA,COOKTOP,COOKTOP 2 BOCAS A GÁS DOMINÓ CONSUL COM MESA DE VIDRO,CONSUL,Preto,BIVOLT,BIVOLT,A,7891129499126,73211100
Jan/2020,LB_GERAL,BDA31AR,BDA31ARUNA,COOKTOP,COOKTOP GÁS BRASTEMP 2B INOX 127/220V,BRASTEMP,INOX,BIVOLT,BIVOLT,A,7891129481695,73211100
Jan/2020,LB_GERAL,BDD61AE,BDD61AEUNA,COOKTOP,COOKTOP VIDRO BRASTEMP ATIVE 4B,BRASTEMP,PRETO,BIVOLT,BIVOLT,N/A,7891129194137,73211100
Jan/2020,LB_GERAL,BDD62AE,BDD62AEUNA,COOKTOP,COOKTOP BRASTEMP MEGACHAMA 4B,BRASTEMP,PRETO,BIVOLT,BIVOLT,N/A,7891129224377,73211100
Jan/2020,LB_GERAL,BDD75AE,BDD75AEUNA,COOKTOP,COOKTOP VIDRO BRASTEMP ATIVE 5B,BRASTEMP,PRETO,BIVOLT,BIVOLT,N/A,7891129194205,73211100
Jan/2020,LB_GERAL,BDD85AE,BDD85AEUNA,COOKTOP,COOKTOP BRASTEMP MEGACHAMA 5B,BRASTEMP,PRETO,BIVOLT,BIVOLT,N/A,7891129224391,73211100
Jan/2020,LB_GERAL,BDF30A,BDF30ARBNA,COOKTOP," VITROCERAMICO 1200 E 1700W",BRASTEMP,INOX,220V,220V,N/A,7891129110687,85166000
Jan/2020,LB_GERAL,BDF31AR,BDF31ARBNA,COOKTOP,"COOKTOP ELET BRASTEMP 2B MESA VITRO 220V ",BRASTEMP,INOX,220V,220V,A,7891129481640,85166000
Jan/2020,LB_GERAL,BDH31AR,BDH31ARBNA,COOKTOP,COOKTOP ELET BRASTEMP CHURRASQUEIRA 220V,BRASTEMP,INOX,220V,220V,A,7891129481657,85166000
Jan/2020,LB_GERAL,BDJ30BE,BDJ30BEANA,COOKTOP,"COOKTOP IND BRASTEMP 1B PORTÁTIL ",BRASTEMP,PRETO,127V,127V-220V,A,7891129481664,85166000
Jan/2020,LB_GERAL,BDJ30BE,BDJ30BEBNA,COOKTOP,"COOKTOP IND BRASTEMP 1B PORTÁTIL ",BRASTEMP,PRETO,220V,127V-220V,A,7891129481671,85166000
Jan/2020,LB_GERAL,BDJ31AR,BDJ31ARBNA,COOKTOP,COOKTOP IND BRASTEMP 1B EMBUTIR 220V,BRASTEMP,INOX,220V,220V,A,7891129481688,85166000
Jan/2020,LB_GERAL,BDJ62AE,BDJ62AEBNA,COOKTOP,COOKTOP DE INDUÇÃO BRASTEMP 4B - 58CM,BRASTEMP,PRETO,220V,220V,N/A,7891129233430,85166000
Jan/2020,LB_GERAL,BDJ77AE,BDJ77AEBNA,COOKTOP,COOKTOP DE INDUÇÃO BRASTEMP 4B - 58CM,BRASTEMP,PRETO,220V,220V,N/A,7891129233447,85166000
Jan/2020,LB_GERAL,BDK60DR,BDK60DRBNA,COOKTOP,COOKTOP INOX BRASTEMP GOURMAND - 4B 60CM,BRASTEMP,INOX,220V,220V,E,7891129233454,73211100
Jan/2020,LB_GERAL,BDK75DR,BDK75DRBNA,COOKTOP,COOKTOP INOX BRASTEMP GOURMAND - 5B 75CM,BRASTEMP,INOX,220V,220V,E,7891129233508,73211100
Jan/2020,LB_GERAL,BDK90DR,BDK90DRBNA,COOKTOP,COOKTOP INOX BRASTEMP GOURMAND - 5B 90CM,BRASTEMP,INOX,220V,220V,E,7891129232891,73211100
Jan/2020,LB_GERAL,BDT62AE,BDT62AEUNA,COOKTOP,COOKTOP BRASTEMP TIMER 4B,BRASTEMP,PRETO,BIVOLT,BIVOLT,N/A,7891129224384,73211100
Jan/2020,LB_GERAL,BDT85AE,BDT85AEUNA,COOKTOP,COOKTOP BRASTEMP TIMER 5B,BRASTEMP,PRETO,BIVOLT,BIVOLT,N/A,7891129224704,73211100
Jan/2020,LB_GERAL,BDT86AE,BDT86AEUNA,COOKTOP,COOKTOP BRASTEMP GOURMAND VIDRO 5 BOCAS,BRASTEMP,PRETO,BIVOLT,BIVOLT,A,7891129238343,73211100
Jan/2020,LB_GERAL,CD060AE,CD060AEUNA,COOKTOP,COOKTOP CONSUL 4B 60HZ,CONSUL,PRETO,BIVOLT,BIVOLT,N/A,7891129212206,73211100
Jan/2020,LB_GERAL,CD075AE,CD075AEUNA,COOKTOP,"COOKTOP CONSUL 5B 60HZ ",CONSUL,PRETO,BIVOLT,BIVOLT,N/A,7891129212213,73211100
Jan/2020,LB_GERAL,CDD75AE,CDD75AEUNA,COOKTOP,COOKTOP CONSUL 5 BOCAS QUADRICHAMA,CONSUL,PRETO,BIVOLT,BIVOLT,A,7891129243521,73211100
Jan/2020,LB_GERAL,GDJ77AB,GDJ77ABBNA,COOKTOP,COOKTOP DE INDUÇÃO BRASTEMP VITREOUS BRANCO 4B - 77CM,BRASTEMP,BRANCO,220V,220V,N/A,7891129238213,85166000
Jan/2020,LB_GERAL,GDK73AB,GDK73ABBNA,COOKTOP,COOKTOP GÁS BRASTEMP VITREOUS BRANCO - 5B 75CM,BRASTEMP,BRANCO,220V,220V,N/A,7891129238206,73211100
Jan/2020,LB_GERAL,BDR90AR,BDR90ARNNA,COOKTOP,COOKTOP BRASTEMP GOURMAND 6B INOX 127V,BRASTEMP,INOX,127V,127V,N/A,7891129499300,73211100
Jan/2020,LB_GERAL,BAA60EB,BAA60EBANA,DEPURADORES,DEPURADOR  BRANCO 60 CM,BRASTEMP,Branca,127V,127V-220V,A,7891129230149,84146000
Jan/2020,LB_GERAL,BAA60EB,BAA60EBBNA,DEPURADORES,DEPURADOR  BRANCO 60 CM,BRASTEMP,Branca,220V,127V-220V,A,7891129230156,84146000
Jan/2020,LB_GERAL,BAA80EB,BAA80EBANA,DEPURADORES,DEPURADOR  BRANCO 80 CM,BRASTEMP,Branca,127V,127V-220V,A,7891129230163,84146000
Jan/2020,LB_GERAL,BAA80EB,BAA80EBBNA,DEPURADORES,DEPURADOR  BRANCO 80 CM,BRASTEMP,Branca,220V,127V-220V,A,7891129230187,84146000
Jan/2020,LB_GERAL,BAT60AR,BAT60ARANA,DEPURADORES,DEPURADOR  INOX C/ DUTO 60 CM,BRASTEMP,Inox,127V,127V-220V,A,7891129230194,84146000
Jan/2020,LB_GERAL,BAT60AR,BAT60ARBNA,DEPURADORES,DEPURADOR  INOX C/ DUTO 60 CM,BRASTEMP,Inox,220V,127V-220V,A,7891129230200,84146000
Jan/2020,LB_GERAL,BAT80AR,BAT80ARANA,DEPURADORES,DEPURADOR  INOX C/ DUTO 80 CM,BRASTEMP,Inox,127V,127V-220V,A,7891129230217,84146000
Jan/2020,LB_GERAL,BAT80AR,BAT80ARBNA,DEPURADORES,DEPURADOR  INOX C/ DUTO 80 CM,BRASTEMP,Inox,220V,127V-220V,A,7891129230224,84146000
Jan/2020,LB_GERAL,CAT60GB,CAT60GBANA,DEPURADORES,DEPURADOR CONSUL BRANCO 60 CM,CONSUL,BRANCO,127V,127V-220V,N/A,7891129232501,84146000
Jan/2020,LB_GERAL,CAT60GB,CAT60GBBNA,DEPURADORES,DEPURADOR CONSUL BRANCO 60 CM,CONSUL,BRANCO,220V,127V-220V,N/A,7891129232518,84146000
Jan/2020,LB_GERAL,CAT60GR,CAT60GRANA,DEPURADORES,DEPURADOR CONSUL INOX 60 CM,CONSUL,INOX,127V,127V-220V,N/A,7891129232549,84146000
Jan/2020,LB_GERAL,CAT60GR,CAT60GRBNA,DEPURADORES,DEPURADOR CONSUL INOX 60 CM,CONSUL,INOX,220V,127V-220V,N/A,7891129232556,84146000
Jan/2020,LB_GERAL,CAT80GB,CAT80GBANA,DEPURADORES,DEPURADOR CONSUL BRANCO 80 CM,CONSUL,BRANCO,127V,127V-220V,N/A,7891129232525,84146000
Jan/2020,LB_GERAL,CAT80GB,CAT80GBBNA,DEPURADORES,DEPURADOR CONSUL BRANCO 80 CM,CONSUL,BRANCO,220V,127V-220V,N/A,7891129232532,84146000
Jan/2020,LB_GERAL,CAT80GR,CAT80GRANA,DEPURADORES,DEPURADOR CONSUL INOX 80 CM,CONSUL,INOX,127V,127V-220V,N/A,7891129232563,84146000
Jan/2020,LB_GERAL,CAT80GR,CAT80GRBNA,DEPURADORES,DEPURADOR CONSUL INOX 80 CM,CONSUL,INOX,220V,127V-220V,N/A,7891129232570,84146000
Jan/2020,LB_GERAL,BF150AB,BF150ABRNA,FOGÕES,ATIVE! TIMER GRILL 4 BOCAS BRANCO PISO,BRASTEMP,BRANCO,220V,127V-220V,A,7891129217003,85166000
Jan/2020,LB_GERAL,BF150AR,BF150ARNNA,FOGÕES,ATIVE! TIMER GRILL 4 BOCAS INOX PISO,BRASTEMP,INOX,127V,127V-220V,A,7891129219229,85166000
Jan/2020,LB_GERAL,BF150AR,BF150ARRNA,FOGÕES,ATIVE! TIMER GRILL 4 BOCAS INOX PISO,BRASTEMP,INOX,220V,127V-220V,A,7891129219212,85166000
Jan/2020,LB_GERAL,BFD4NAB,BFD4NABNNA,FOGÕES,ATIVE - 4 BOCAS MAXI DUPLO FORNO,BRASTEMP,BRANCO,127V,127V-220V,A,7891129235557,85166000
Jan/2020,LB_GERAL,BFD4NAB,BFD4NABRNA,FOGÕES,ATIVE - 4 BOCAS MAXI DUPLO FORNO,BRASTEMP,BRANCO,220V,127V-220V,A,7891129235564,85166000
Jan/2020,LB_GERAL,BFD4TAR,BFD4TARNNA,FOGÕES,"ATIVE TIMER - 4 BOCAS MAXI DUPLO FORNO ",BRASTEMP,INOX,127V,127V-220V,A,7891129235342,85166000
Jan/2020,LB_GERAL,BFD4TAR,BFD4TARRNA,FOGÕES,"ATIVE TIMER - 4 BOCAS MAXI DUPLO FORNO ",BRASTEMP,INOX,220V,127V-220V,A,7891129235359,85166000
Jan/2020,LB_GERAL,BFD4VAR,BFD4VARNNA,FOGÕES,ATIVE TOP GLASS - 4 BOCAS MAXI DUPLO FORNO,BRASTEMP,INOX,127V,127V-220V,A,7891129235403,85166000
Jan/2020,LB_GERAL,BFD4VAR,BFD4VARRNA,FOGÕES,ATIVE TOP GLASS - 4 BOCAS MAXI DUPLO FORNO,BRASTEMP,INOX,220V,127V-220V,A,7891129235410,85166000
Jan/2020,LB_GERAL,BFD5GCB,BFD5GCBNNA,FOGÕES,FOGÃO BRASTEMP DF 5B BR GRILL,BRASTEMP,BRANCO,127V,127V,A,7891129264199,85166000
Jan/2020,LB_GERAL,BFD5GCB,BFD5GCBRNA,FOGÕES,FOGÃO BRASTEMP DF 5B BR GRILL,BRASTEMP,BRANCO,220V,220V,A,7891129264182,85166000
Jan/2020,LB_GERAL,BFD5NCB,BFD5NCBNNA,FOGÕES,FOGÃO BRASTEMP DF 5B BR,BRASTEMP,BRANCO,127V,127V,A,7891129264151,85166000
Jan/2020,LB_GERAL,BFD5NCB,BFD5NCBRNA,FOGÕES,FOGÃO BRASTEMP DF 5B BR,BRASTEMP,BRANCO,220V,220V,A,7891129264144,85166000
Jan/2020,LB_GERAL,BFD5NCR,BFD5NCRNNA,FOGÕES,FOGÃO BRASTEMP DF 5B IN,BRASTEMP,INOX,127V,127V,A,7891129264168,85166000
Jan/2020,LB_GERAL,BFD5NCR,BFD5NCRRNA,FOGÕES,FOGÃO BRASTEMP DF 5B IN,BRASTEMP,INOX,220V,220V,A,7891129264175,85166000
Jan/2020,LB_GERAL,BFD5VCR,BFD5VCRNNA,FOGÕES,FOGÃO BRASTEMP DF 5B MESA VIDRO,BRASTEMP,INOX,127V,127V-220V,A,7891129264717,85166000
Jan/2020,LB_GERAL,BFD5VCR,BFD5VCRRNA,FOGÕES,FOGÃO BRASTEMP DF 5B MESA VIDRO,BRASTEMP,INOX,220V,127V-220V,A,7891129264700,85166000
Jan/2020,LB_GERAL,BFO4NAB,BFO4NABUNA,FOGÕES,CLEAN 4 BOCAS BRANCO PISO,BRASTEMP,BRANCO,BIVOLT,BIVOLT,A,7891129233614,73211100
Jan/2020,LB_GERAL,BFO4NAR,BFO4NARUNA,FOGÕES,CLEAN 4 BOCAS INOX PISO,BRASTEMP,INOX,BIVOLT,BIVOLT,A,7891129233621,73211100
Jan/2020,LB_GERAL,BFO4TAB,BFO4TABUNA,FOGÕES,CLEAN TIMER 4 BOCAS BRANCO PISO,BRASTEMP,BRANCO,BIVOLT,BIVOLT,A,7891129233638,73211100
Jan/2020,LB_GERAL,BFO4TAR,BFO4TARUNA,FOGÕES,CLEAN TIMER 4 BOCAS INOX PISO,BRASTEMP,INOX,BIVOLT,BIVOLT,A,7891129233645,73211100
Jan/2020,LB_GERAL,BFS4DAR,BFS4DARNNA,FOGÕES,ATIVE DIGITAL - 4 BOCAS MAXI PISO,BRASTEMP,INOX,127V,127V-220V,A,7891129235519,85166000
Jan/2020,LB_GERAL,BFS4DAR,BFS4DARRNA,FOGÕES,ATIVE DIGITAL - 4 BOCAS MAXI PISO,BRASTEMP,INOX,220V,127V-220V,A,7891129235526,85166000
Jan/2020,LB_GERAL,BFS4GAR,BFS4GARNNA,FOGÕES,ATIVE GRILL - 4 BOCAS MAXI PISO,BRASTEMP,INOX,127V,127V-220V,A,7891129235366,85166000
Jan/2020,LB_GERAL,BFS4GAR,BFS4GARRNA,FOGÕES,ATIVE GRILL - 4 BOCAS MAXI PISO,BRASTEMP,INOX,220V,127V-220V,A,7891129235373,85166000
Jan/2020,LB_GERAL,BFS4NAB,BFS4NABUNA,FOGÕES,CLEAN - 4 BOCAS MAXI PISO,BRASTEMP,BRANCO,BIVOLT,BIVOLT,A,7891129235304,73211100
Jan/2020,LB_GERAL,BFS4NAR,BFS4NARUNA,FOGÕES,CLEAN - 4 BOCAS MAXI PISO,BRASTEMP,INOX,BIVOLT,BIVOLT,A,7891129235502,73211100
Jan/2020,LB_GERAL,BFS4TAB,BFS4TABUNA,FOGÕES,CLEAN TIMER - 4 BOCAS MAXI PISO,BRASTEMP,BRANCO,BIVOLT,BIVOLT,A,7891129234987,73211100
Jan/2020,LB_GERAL,BFS5CCR,BFS5CCRRNA,FOGÕES,FOGÃO BRASTEMP PISO 5B IN 220V CONVECÇÃO,BRASTEMP,INOX,220V,220V,A,7891129264755,85166000
Jan/2020,LB_GERAL,BFS5ECB,BFS5ECBUNA,FOGÕES,FOGÃO BRASTEMP PISO 5B BR 127/220V TURBO,BRASTEMP,BRANCO,BIVOLT,BIVOLT,A,7891129264380,73211100
Jan/2020,LB_GERAL,BFS5ECR,BFS5ECRUNA,FOGÕES,FOGÃO BRASTEMP PISO 5B IN 127/220V TURBO,BRASTEMP,INOX,BIVOLT,BIVOLT,A,7891129264397,73211100
Jan/2020,LB_GERAL,BFS5GCR,BFS5GCRNNA,FOGÕES,FOGÃO BRASTEMP PISO 5B IN GRILL,BRASTEMP,INOX,127V,127V,A,7891129264649,85166000
Jan/2020,LB_GERAL,BFS5GCR,BFS5GCRRNA,FOGÕES,FOGÃO BRASTEMP PISO 5B IN GRILL,BRASTEMP,INOX,220V,220V,A,7891129264632,85166000
Jan/2020,LB_GERAL,BFS5NCR,BFS5NCRUNA,FOGÕES,FOGÃO BRASTEMP PISO 5B IN 127/220 V,BRASTEMP,INOX,BIVOLT,BIVOLT,A,7891129264373,73211100
Jan/2020,LB_GERAL,BFS5PCB,BFS5PCBUNA,FOGÕES,FOGÃO BRASTEMP PISO 5B BR 127/220V TIMER,BRASTEMP,BRANCO,BIVOLT,BIVOLT,A,7891129264618,73211100
Jan/2020,LB_GERAL,BFS5PCR,BFS5PCRUNA,FOGÕES,FOGÃO BRASTEMP PISO 5B IN 127/220V TIMER,BRASTEMP,INOX,BIVOLT,BIVOLT,A,7891129264601,73211100
Jan/2020,LB_GERAL,BFS5VCR,BFS5VCRUNA,FOGÕES,FOGÃO BRASTEMP PISO 5B MESA VID 127/220V,BRASTEMP,INOX,BIVOLT,BIVOLT,A,7891129264724,73211100
Jan/2020,LB_GERAL,BFS6NCB,BFS6NCBUNA,FOGÕES,FOGÃO BRASTEMP PISO 6B BR  127/220 V,BRASTEMP,BRANCO,BIVOLT,BIVOLT,A,7891129264502,73211100
Jan/2020,LB_GERAL,BYO4TAB,BYO4TABUNA,FOGÕES,CLEAN TIMER 4 BOCAS BRANCO EMBUTIR,BRASTEMP,BRANCO,BIVOLT,BIVOLT,A,7891129233652,73211100
Jan/2020,LB_GERAL,BYO4TAR,BYO4TARUNA,FOGÕES,CLEAN TIMER 4 BOCAS INOX EMBUTIR,BRASTEMP,INOX,BIVOLT,BIVOLT,A,7891129233669,73211100
Jan/2020,LB_GERAL,BYS4GAR,BYS4GARNNA,FOGÕES,ATIVE GRILL - 4 BOCAS MAXI EMBUTIR,BRASTEMP,INOX,127V,127V-220V,A,7891129235380,85166000
Jan/2020,LB_GERAL,BYS4GAR,BYS4GARRNA,FOGÕES,ATIVE GRILL - 4 BOCAS MAXI EMBUTIR,BRASTEMP,INOX,220V,127V-220V,A,7891129235397,85166000
Jan/2020,LB_GERAL,BYS5CCR,BYS5CCRRNA,FOGÕES,FOGÃO BRASTEMP PISO 5B IN 220V CONVECÇÃO,BRASTEMP,INOX,220V,220V,A,7891129264656,85166000
Jan/2020,LB_GERAL,BYS5PCR,BYS5PCRUNA,FOGÕES,FOGÃO BRASTEMP EMB 5B IN 127/220V TIMER,BRASTEMP,INOX,BIVOLT,BIVOLT,A,7891129264625,73211100
Jan/2020,LB_GERAL,BYS5VCR,BYS5VCRNNA,FOGÕES,FOGÃO BRASTEMP EMB 5B MESA VIDRO,BRASTEMP,INOX,127V,127V,A,7891129264748,73211100
Jan/2020,LB_GERAL,BYS5VCR,BYS5VCRRNA,FOGÕES,FOGÃO BRASTEMP EMB 5B MESA VIDRO,BRASTEMP,INOX,220V,220V,A,7891129264731,73211100
Jan/2020,LB_GERAL,BYS6NCB,BYS6NCBUNA,FOGÕES,FOGÃO BRASTEMP EMB 6B BR 127/220 V,BRASTEMP,BRANCO,BIVOLT,BIVOLT,A,7891129264519,73211100
Jan/2020,LB_GERAL,CFO4NAB,CFO4NABUNA,FOGÕES,"FOGÃO FS 4B BR 127/220V ",CONSUL,BRANCO,BIVOLT,BIVOLT,A,7891129238404,73211100
Jan/2020,LB_GERAL,CFO4NAR,CFO4NARUNA,FOGÕES,FOGÃO FS 4B INOX 127/220V,CONSUL,INOX,BIVOLT,BIVOLT,A,7891129238114,73211100
Jan/2020,LB_GERAL,CFO4TAB,CFO4TABUNA,FOGÕES,FOGÃO FS 4B TD BRANCO 127/220V,CONSUL,BRANCO,BIVOLT,BIVOLT,A,7891129238145,73211100
Jan/2020,LB_GERAL,CFO4TAR,CFO4TARUNA,FOGÕES,FOGÃO FS 4B TD INOX 127/220V,CONSUL,INOX,BIVOLT,BIVOLT,A,7891129238435,73211100
Jan/2020,LB_GERAL,CFO4VAB,CFO4VABUNA,FOGÕES,FOGÃO FS 4B MV BR 127/220V,CONSUL,BRANCO,BIVOLT,BIVOLT,A,7891129238459,73211100
Jan/2020,LB_GERAL,CFO4VAR,CFO4VARUNA,FOGÕES,FOGÃO FS 4B MV INOX 127/220V,CONSUL,INOX,BIVOLT,BIVOLT,A,7891129238466,73211100
Jan/2020,LB_GERAL,CFO4VAT,CFO4VATUNA,FOGÕES,FOGÃO FS 4B MV TI 127/220V 50/60HZ,CONSUL,TITÂNIO,BIVOLT,BIVOLT,A,7891129238473,73211100
Jan/2020,LB_GERAL,CFS5NAB,CFS5NABUNA,FOGÕES,FOGÃO 5B BRANCO PISO,CONSUL,BRANCO,BIVOLT,BIVOLT,A,7891129246225,73211100
Jan/2020,LB_GERAL,CFS5NAR,CFS5NARUNA,FOGÕES,FOGÃO 5B INOX PISO,CONSUL,INOX,BIVOLT,BIVOLT,A,7891129246232,73211100
Jan/2020,LB_GERAL,CFS5QAB,CFS5QABUNA,FOGÕES,FOGÃO 5B QUADRICHAMA BRANCO PISO,CONSUL,BRANCO,BIVOLT,BIVOLT,A,7891129246300,73211100
Jan/2020,LB_GERAL,CFS5QAR,CFS5QARUNA,FOGÕES,FOGÃO 5B QUADRICHAMA INOX PISO,CONSUL,INOX,BIVOLT,BIVOLT,A,7891129246317,73211100
Jan/2020,LB_GERAL,CFS5VAR,CFS5VARUNA,FOGÕES,FOGÃO 5B MESA DE VIDRO INOX PISO,CONSUL,INOX,BIVOLT,BIVOLT,A,7891129249608,73211100
Jan/2020,LB_GERAL,CFS5VAT,CFS5VATUNA,FOGÕES,FOGÃO 5B MESA DE VIDRO TITANIUM PISO,CONSUL,TITANIUM,BIVOLT,BIVOLT,A,7891129246645,73211100
Jan/2020,LB_GERAL,CFS6NAB,CFS6NABUNA,FOGÕES,FOGÃO 6B BRANCO PISO,CONSUL,BRANCO,BIVOLT,BIVOLT,A,7891129246607,73211100
Jan/2020,LB_GERAL,CFS6NAR,CFS6NARUNA,FOGÕES,FOGÃO 6B INOX PISO,CONSUL,INOX,BIVOLT,BIVOLT,A,7891129246614,73211100
Jan/2020,LB_GERAL,BFS5VCE,BFS5VCEUNA,FOGÕES,FOGÃO BRASTEMP 5 BOCAS PRETO COM MESA DE VIDRO E TURBO CHAMA,BRASTEMP,PRETO,BIVOLT,BIVOLT,A,7891129517905,73211100
Jan/2020,LB_GERAL,BO260AR,BO260ARBNA,FORNOS,FORNO ELÉTRICO 60CM INOX TOUCH,BRASTEMP,INOX,220V,220V,N/A,7891129204713,85166000
Jan/2020,LB_GERAL,BOA84AE,BOA84AERNA,FORNOS,"FORNO DE EMBUTIR A GÁS BRASTEMP  84 L ",BRASTEMP,Preto,220V,220V,A,7891129243828,85166000
Jan/2020,LB_GERAL,BOA84AR,BOA84ARRNA,FORNOS,FORNO DE EMBUTIR GÁS BRASTEMP 78L,BRASTEMP,ESPELHADO,220V,220V,A,7891129266216,85166000
Jan/2020,LB_GERAL,BOC84AE,BOC84AEBNA,FORNOS,FORNO DE EMBUTIR ELÉTRICO BRASTEMP  84 L,BRASTEMP,Preto,220V,220V,N/A,7891129244016,85166000
Jan/2020,LB_GERAL,BOC84AR,BOC84ARBNA,FORNOS,FORNO DE EMBUTIR ELÉTRICO BRASTEMP 78L,BRASTEMP,ESPELHADO,220V,220V,N/A,7891129265721,85166000
Jan/2020,LB_GERAL,BOC90BR,BOC90BRBNA,FORNOS,FORNO DE EMBUTIR ELÉTRICO BRASTEMP GOURMAND INOX 90CM,BRASTEMP,Inox,220V,220V,N/A,7891129232990,85166000
Jan/2020,LB_GERAL,BOH84AR,BOH84ARRNA,FORNOS,FORNO DE EMBUTIR GÁS BRASTEMP 78L,BRASTEMP,INOX,220V,220V,A,7891129253315,85166000
Jan/2020,LB_GERAL,BOT84AR,BOT84ARBNA,FORNOS,FORNO DE EMBUTIR ELÉTRICO BRASTEMP 78L,BRASTEMP,INOX,220V,220V,N/A,7891129255906,85166000
Jan/2020,LB_GERAL,COA84BR,COA84BRRNA,FORNOS,FORNO DE EMBUTIR GÁS CONSUL 84 L,CONSUL,Prata,220V,220V,A,7891129251212,85166000
Jan/2020,LB_GERAL,COB84AR,COB84ARBNA,FORNOS,FORNO DE EMBUTIR ELÉTRICO CONSUL 84 L,CONSUL,Prata,220V,220V,N/A,7891129244009,85166000
Jan/2020,LB_GERAL,GOC60AB,GOC60ABBNA,FORNOS,FORNO DE EMBUTIR ELÉTRICO  BRASTEMP VITREOUS BRANCO 60CM,BRASTEMP,BRANCO,220V,220V,N/A,7891129238220,85166000
Jan/2020,LB_GERAL,BOC60BR,BOC60BRBNA,FORNOS,FORNO BRASTEMP GOURMAND 60CM INOX 220V,BRASTEMP,INOX,220V,220V,N/A,7891129266803,85166000
Jan/2020,LB_GERAL,BOD45AR,BOD45ARBNA,FORNOS,FORNO BRASTEMP GOURMAND VAPOR INOX 220V,BRASTEMP,INOX,220V,220V,N/A,7891129266827,85166000
Jan/2020,LB_GERAL,COB47AR,COB47ARBNA,FORNOS,FORNO DE EMBUTIR ELÉTRICO CONSUL 47 LITROS PRATA COM DOURADOR E TIMER AUTODESLIGAMENTO,CONSUL,PRATA,220V,220V,N/A,7891129499508,85166000
Jan/2020,LB_GERAL,CHA22EB,CHA22EBANA,FREEZER HORIZONTAL,HORIZONTAL 213 - 1 TAMPA,CONSUL,BRANCO,127V,127V-220V,A,7891129253780,8418300001
Jan/2020,LB_GERAL,CHA22EB,CHA22EBBNA,FREEZER HORIZONTAL,HORIZONTAL 213 - 1 TAMPA,CONSUL,BRANCO,220V,127V-220V,A,7891129253797,8418300001
Jan/2020,LB_GERAL,CHA31EB,CHA31EBANA,FREEZER HORIZONTAL,HORIZONTAL 305 - 1 TAMPA,CONSUL,BRANCO,127V,127V-220V,A,7891129254107,8418300001
Jan/2020,LB_GERAL,CHA31EB,CHA31EBBNA,FREEZER HORIZONTAL,HORIZONTAL 305 - 1 TAMPA,CONSUL,BRANCO,220V,127V-220V,A,7891129254114,8418300001
Jan/2020,LB_GERAL,CHB42EB,CHB42EBANA,FREEZER HORIZONTAL,HORIZONTAL 404 - 2 TAMPAS,CONSUL,BRANCO,127V,127V-220V,A,7891129254121,84183000
Jan/2020,LB_GERAL,CHB42EB,CHB42EBBNA,FREEZER HORIZONTAL,HORIZONTAL 404 - 2 TAMPAS,CONSUL,BRANCO,220V,127V-220V,A,7891129254138,84183000
Jan/2020,LB_GERAL,CHB53EB,CHB53EBANA,FREEZER HORIZONTAL,HORIZONTAL 519 - 2 TAMPAS,CONSUL,BRANCO,127V,127V-220V,A,7891129254145,84183000
Jan/2020,LB_GERAL,CHB53EB,CHB53EBBNA,FREEZER HORIZONTAL,HORIZONTAL 519 - 2 TAMPAS,CONSUL,BRANCO,220V,127V-220V,A,7891129254152,84183000
Jan/2020,LB_GERAL,BVG24HB,BVG24HBANA,FREEZER VERTICAL,FREEZER FROST FREE 197,BRASTEMP,BRANCO,127V,127V-220V,A,7891129210103,84184000
Jan/2020,LB_GERAL,BVG24HB,BVG24HBBNA,FREEZER VERTICAL,FREEZER FROST FREE 197,BRASTEMP,BRANCO,220V,127V-220V,A,7891129209893,84184000
Jan/2020,LB_GERAL,BVR28MB,BVR28MBANA,FREEZER VERTICAL,FREEZER FROST FREE ELETRONICO 228 - FLEX,BRASTEMP,BRANCO,127V,127V,A,7891129252417,84184000
Jan/2020,LB_GERAL,BVR28MB,BVR28MBBNA,FREEZER VERTICAL,FREEZER FROST FREE ELETRONICO 228 - FLEX,BRASTEMP,BRANCO,220V,220V,A,7891129252424,84184000
Jan/2020,LB_GERAL,BVR28MK,BVR28MKANA,FREEZER VERTICAL,FREEZER FROST FREE ELETRONICO 228 EVOX - FLEX,BRASTEMP,INOX,127V,127V,A,7891129252431,84184000
Jan/2020,LB_GERAL,BVR28MK,BVR28MKBNA,FREEZER VERTICAL,FREEZER FROST FREE ELETRONICO 228 EVOX - FLEX,BRASTEMP,INOX,220V,220V,A,7891129252448,84184000
Jan/2020,LB_GERAL,CVT10B,CVT10BBANA,FREEZER VERTICAL,COMPACTO 66,CONSUL,BRANCO,127V,127V-220V,A,7891129130012,84184000
Jan/2020,LB_GERAL,CVT10B,CVT10BBBNA,FREEZER VERTICAL,COMPACTO 66,CONSUL,BRANCO,220V,127V-220V,A,7891129130029,84184000
Jan/2020,LB_GERAL,CVU18GB,CVU18GBANA,FREEZER VERTICAL,FREEZER VERTICAL CONSUL 121L,CONSUL,BRANCO,127V,127V-220V,A,7891129196209,84184000
Jan/2020,LB_GERAL,CVU18GB,CVU18GBBNA,FREEZER VERTICAL,FREEZER VERTICAL CONSUL 121L,CONSUL,BRANCO,220V,127V-220V,A,7891129196216,84184000
Jan/2020,LB_GERAL,CVU20GB,CVU20GBANA,FREEZER VERTICAL,FREEZER VERTICAL CONSUL 142L,CONSUL,BRANCO,127V,127V-220V,A,7891129196223,84184000
Jan/2020,LB_GERAL,CVU20GB,CVU20GBBNA,FREEZER VERTICAL,FREEZER VERTICAL CONSUL 142L,CONSUL,BRANCO,220V,127V-220V,A,7891129196230,84184000
Jan/2020,LB_GERAL,CVU26EB,CVU26EBANA,FREEZER VERTICAL,FREEZER VERTICAL 231,CONSUL,BRANCO,127V,127V-220V,A,7891129208834,84184000
Jan/2020,LB_GERAL,CVU26EB,CVU26EBBNA,FREEZER VERTICAL,FREEZER VERTICAL 231,CONSUL,BRANCO,220V,127V-220V,A,7891129208759,84184000
Jan/2020,LB_GERAL,CVU30EB,CVU30EBANA,FREEZER VERTICAL,FREEZER VERTICAL 246,CONSUL,BRANCO,127V,127V-220V,C,7891129208711,8418400001
Jan/2020,LB_GERAL,CVU30EB,CVU30EBBNA,FREEZER VERTICAL,FREEZER VERTICAL 246,CONSUL,BRANCO,220V,127V-220V,C,7891129208919,8418400001
Jan/2020,LB_GERAL,BOE15AR,BOE15ARBNA,GAVETA AQUECIDA,GAVETA AQUECIDA BRASTEMP GOURM INOX 220V,BRASTEMP,INOX,220V,220V,N/A,7891129266841,85167990
Jan/2020,LB_GERAL,BNQ10AB,BNQ10ABANA,LAVA E SECA,LAVA & SECA BRASTEMP 10.1KG,BRASTEMP,BRANCO,127V,127V,A,7891129499263,84502090
Jan/2020,LB_GERAL,BNQ10AB,BNQ10ABBNA,LAVA E SECA,LAVA & SECA BRASTEMP 10.1KG,BRASTEMP,BRANCO,220V,220V,A,7891129499270,84502090
Jan/2020,LB_GERAL,BNQ10AS,BNQ10ASANA,LAVA E SECA,LAVA & SECA BRASTEMP 10.1KG,BRASTEMP,PRATA,127V,127V,A,7891129499409,84502090
Jan/2020,LB_GERAL,BNQ10AS,BNQ10ASBNA,LAVA E SECA,LAVA & SECA BRASTEMP 10.1KG,BRASTEMP,PRATA,220V,220V,A,7891129499416,84502090
Jan/2020,LB_GERAL,BWD15A9,BWD15A9ANA,LAVADORAS,LAVADORA BRASTEMP DOUBLE WASH 15KG GRAFITE METÁLICO,BRASTEMP,GRAFITE METÁLICO,127V,127V-220V,A,7891129252608,84502090
Jan/2020,LB_GERAL,BWD15A9,BWD15A9BNA,LAVADORAS,LAVADORA BRASTEMP DOUBLE WASH 15KG GRAFITE METÁLICO,BRASTEMP,GRAFITE METÁLICO,220V,127V-220V,A,7891129255807,84502090
Jan/2020,LB_GERAL,BWD15AB,BWD15ABANA,LAVADORAS,LAVADORA BRASTEMP DOUBLE WASH 15KG BRANCO,BRASTEMP,BRANCO,127V,127V-220V,A,7891129251434,84502090
Jan/2020,LB_GERAL,BWD15AB,BWD15ABBNA,LAVADORAS,LAVADORA BRASTEMP DOUBLE WASH 15KG BRANCO,BRASTEMP,BRANCO,220V,127V-220V,A,7891129251441,84502090
Jan/2020,LB_GERAL,BWG11AR,BWG11ARANA,LAVADORAS,LAVADORA ATIVE INOX 11 KG,BRASTEMP,INOX,127V,127V-220V,A,7891129209336,84502090
Jan/2020,LB_GERAL,BWG11AR,BWG11ARBNA,LAVADORAS,LAVADORA ATIVE INOX 11 KG,BRASTEMP,INOX,220V,127V-220V,A,7891129209343,84502090
Jan/2020,LB_GERAL,BWH12AB,BWH12ABANA,LAVADORAS,LAVADORA BRASTEMP 12KG,BRASTEMP,BRANCO,127V,127V-220V,A,7891129244030,84502090
Jan/2020,LB_GERAL,BWH12AB,BWH12ABBNA,LAVADORAS,LAVADORA BRASTEMP 12KG,BRASTEMP,BRANCO,220V,127V-220V,A,7891129244047,84502090
Jan/2020,LB_GERAL,BWH15AB,BWH15ABANA,LAVADORAS,LAVADORA AUTOMÁTICA 15KG,BRASTEMP,BRANCO,127V,127V-220V,A,7891129234468,84502090
Jan/2020,LB_GERAL,BWH15AB,BWH15ABBNA,LAVADORAS,LAVADORA AUTOMÁTICA 15KG,BRASTEMP,BRANCO,220V,127V-220V,A,7891129234901,84502090
Jan/2020,LB_GERAL,BWJ09AB,BWJ09ABANA,LAVADORAS,LAVADORA AGUA FRIA ATIVE 9 KG,BRASTEMP,BRANCO,127V,127V-220V,A,7891129243910,84501100
Jan/2020,LB_GERAL,BWJ09AB,BWJ09ABBNA,LAVADORAS,LAVADORA AGUA FRIA ATIVE 9 KG,BRASTEMP,BRANCO,220V,127V-220V,A,7891129246027,84501100
Jan/2020,LB_GERAL,BWJ11AB,BWJ11ABANA,LAVADORAS,LAVADORA ATIVE 11 KG,BRASTEMP,BRANCO,127V,127V-220V,A,7891129232839,84502090
Jan/2020,LB_GERAL,BWJ11AB,BWJ11ABBNA,LAVADORAS,LAVADORA ATIVE 11 KG,BRASTEMP,BRANCO,220V,127V-220V,A,7891129232846,84502090
Jan/2020,LB_GERAL,BWK11AB,BWK11ABANA,LAVADORAS,LAVADORA 11KG,BRASTEMP,BRANCO,127V,127V-220V,A,7891129237711,84502090
Jan/2020,LB_GERAL,BWK11AB,BWK11ABBNA,LAVADORAS,LAVADORA 11KG,BRASTEMP,BRANCO,220V,127V-220V,A,7891129237728,84502090
Jan/2020,LB_GERAL,BWN15AK,BWN15AKBNA,LAVADORAS,LAVADORA AUTOMÁTICA 15KG EVOX,BRASTEMP,INOX,220V,127V-220V,A,7891129234970,84502090
Jan/2020,LB_GERAL,BWQ12AB,BWQ12ABANA,LAVADORAS,LAVADORA BRASTEMP AGUA QUENTE 12G,BRASTEMP,BRANCO,127V,127V-220V,A,7891129241961,84502090
Jan/2020,LB_GERAL,BWQ12AB,BWQ12ABBNA,LAVADORAS,LAVADORA BRASTEMP AGUA QUENTE 12G,BRASTEMP,BRANCO,220V,127V-220V,A,7891129241992,84502090
Jan/2020,LB_GERAL,BWS15AB,BWS15ABBNA,LAVADORAS,LAVADORA AUTOMÁTICA 15KG,BRASTEMP,BRANCO,220V,127V-220V,A,7891129234956,84502090
Jan/2020,LB_GERAL,BWT12AB,BWT12ABANA,LAVADORAS,LAVADORA BRASTEMP 12G,BRASTEMP,BRANCO,127V,127V-220V,A,7891129241930,84502090
Jan/2020,LB_GERAL,BWT12AB,BWT12ABBNA,LAVADORAS,LAVADORA BRASTEMP 12G,BRASTEMP,BRANCO,220V,127V-220V,A,7891129241985,84502090
Jan/2020,LB_GERAL,CWC08AB,CWC08ABANA,LAVADORAS,LAVADORA CONSUL 8KG,CONSUL,BRANCO,127V,127V-220V,A,7891129223776,84501100
Jan/2020,LB_GERAL,CWE13AB,CWE13ABANA,LAVADORAS,LAVADORA CONSUL 13KG,CONSUL,BRANCO,127V,127V-220V,A,7891129251298,84502090
Jan/2020,LB_GERAL,CWE13AB,CWE13ABBNA,LAVADORAS,LAVADORA CONSUL 13KG,CONSUL,BRANCO,220V,127V-220V,A,7891129251748,84502090
Jan/2020,LB_GERAL,CWE15AB,CWE15ABANA,LAVADORAS,LAVADORA CONSUL 15KG,CONSUL,Branco,127V,127V-220V,A,7891129238268,84502090
Jan/2020,LB_GERAL,CWE15AB,CWE15ABBNA,LAVADORAS,LAVADORA CONSUL 15KG,CONSUL,Branco,220V,127V-220V,A,7891129238275,84502090
Jan/2020,LB_GERAL,CWL16AB,CWL16ABANA,LAVADORAS,LAVADORA CONSUL 16 KG,CONSUL,BRANCO,127V,127V-220V,A,7891129234314,84502090
Jan/2020,LB_GERAL,CWL16AB,CWL16ABBNA,LAVADORAS,LAVADORA CONSUL 16 KG,CONSUL,BRANCO,220V,127V-220V,A,7891129234321,84502090
Jan/2020,LB_GERAL,CWS11AB,CWS11ABANA,LAVADORAS,LAVADORA CONSUL 11KG,CONSUL,BRANCO,127V,127V-220V,A,7891129251342,84502090
Jan/2020,LB_GERAL,CWS12AB,CWS12ABANA,LAVADORAS,LAVADORA CONSUL 12KG,CONSUL,BRANCO,127V,127V-220V,A,7891129251359,84502090
Jan/2020,LB_GERAL,CWS12AB,CWS12ABBNA,LAVADORAS,LAVADORA CONSUL 12KG,CONSUL,BRANCO,220V,127V-220V,A,7891129251731,84502090
Jan/2020,LB_GERAL,CWH12AB,CWH12ABANA,LAVADORAS,LAVADORA CONSUL 12KG,CONSUL,BRANCA,127 V,127V-220V,A,7891129267466,84502090
Jan/2020,LB_GERAL,CWH12AB,CWH12ABBNA,LAVADORAS,LAVADORA CONSUL 12KG,CONSUL,BRANCA,220 V,127V-220V,A,7891129267473,84502090
Jan/2020,LB_GERAL,CWB08AB,CWB08ABANA,LAVADORAS,LAVADORA CONSUL 8KG,CONSUL,BRANCA,127 V,127V-220V,A,7891129267503,8450110001
Jan/2020,LB_GERAL,CWB08AB,CWB08ABBNA,LAVADORAS,LAVADORA CONSUL 8KG,CONSUL,BRANCA,220 V,127V-220V,A,7891129268302,8450110001
Jan/2020,LB_GERAL,CWB09AB,CWB09ABANA,LAVADORAS,LAVADORA CONSUL 9KG,CONSUL,BRANCA,127 V,127V-220V,A,7891129267657,8450110001
Jan/2020,LB_GERAL,CWB09AB,CWB09ABBNA,LAVADORAS,LAVADORA CONSUL 9KG,CONSUL,BRANCA,220 V,127V-220V,A,7891129267664,8450110001
Jan/2020,LB_GERAL,CWH11AB,CWH11ABANA,LAVADORAS,LAVADORA CONSUL 11KG,CONSUL,BRANCA,127 V,127V-220V,A,7891129267671,84502090
Jan/2020,LB_GERAL,CWH11AB,CWH11ABBNA,LAVADORAS,LAVADORA CONSUL 11KG,CONSUL,BRANCA,220 V,127V-220V,A,7891129267688,84502090
Jan/2020,LB_GERAL,BWN15AT,BWN15ATANA,LAVADORAS,LAVADORA AUTOMÁTICA 15KG,BRASTEMP,TITANIUM,127 V,127V-220V,A,7891129502819,84502090
Jan/2020,LB_GERAL,BWN15AT,BWN15ATBNA,LAVADORAS,LAVADORA AUTOMÁTICA 15KG,BRASTEMP,TITANIUM,220 V,127V-220V,A,7891129502826,84502090
Jan/2020,LB_GERAL,BWK12AB,BWK12ABANA,LAVADORAS,LAVADORA BRASTEMP 12KG BRANCA COM CICLO TIRA MANCHAS ADVANCED E CICLO ANTIBOLINHA,BRASTEMP,BRANCA,127V,127V-220V,A,7891129498204,84502090
Jan/2020,LB_GERAL,BWK12AB,BWK12ABBNA,LAVADORAS,LAVADORA BRASTEMP 12KG BRANCA COM CICLO TIRA MANCHAS ADVANCED E CICLO ANTIBOLINHA,BRASTEMP,BRANCA,220V,127V-220V,A,7891129498600,84502090
Jan/2020,LB_GERAL,BWR12AB,BWR12ABANA,LAVADORAS,LAVADORA BRASTEMP 12KG BRANCA ÁGUA QUENTE COM CICLO TIRA MANCHAS PRO E CICLO ANTIBOLINHA,BRASTEMP,BRANCA,127V,127V-220V,A,7891129498419,84502090
Jan/2020,LB_GERAL,BWR12AB,BWR12ABBNA,LAVADORAS,LAVADORA BRASTEMP 12KG BRANCA ÁGUA QUENTE COM CICLO TIRA MANCHAS PRO E CICLO ANTIBOLINHA,BRASTEMP,BRANCA,220V,127V-220V,A,7891129500020,84502090
Jan/2020,LB_GERAL,BWK12A9,BWK12A9ANA,LAVADORAS,LAVADORA BRASTEMP 12KG TITÂNIO COM CICLO TIRA MANCHAS ADVANCED E CICLO ANTIBOLINHA,BRASTEMP,TITÂNIO,127V,127V-220V,A,7891129498525,84502090
Jan/2020,LB_GERAL,BWK12A9,BWK12A9BNA,LAVADORAS,LAVADORA BRASTEMP 12KG TITÂNIO COM CICLO TIRA MANCHAS ADVANCED E CICLO ANTIBOLINHA,BRASTEMP,TITÂNIO,220V,127V-220V,A,7891129498679,84502090
Jan/2020,LB_GERAL,BWR12A9,BWR12A9ANA,LAVADORAS,LAVADORA BRASTEMP 12KG TITÂNIO ÁGUA QUENTE COM CICLO TIRA MANCHAS PRO E CICLO ANTIBOLINHA,BRASTEMP,TITÂNIO,127V,127V-220V,A,7891129500044,84502090
Jan/2020,LB_GERAL,BWR12A9,BWR12A9BNA,LAVADORAS,LAVADORA BRASTEMP 12KG TITÂNIO ÁGUA QUENTE COM CICLO TIRA MANCHAS PRO E CICLO ANTIBOLINHA,BRASTEMP,TITÂNIO,220V,127V-220V,A,7891129500051,84502090
Jan/2020,LB_GERAL,BWK14AB,BWK14ABANA,LAVADORAS,LAVADORA BRASTEMP 14KG BRANCA COM CICLO TIRA MANCHAS ADVANCED E CICLO ANTIBOLINHA,BRASTEMP,BRANCA,127V,127V-220V,A,7891129498303,84502090
Jan/2020,LB_GERAL,BWK14AB,BWK14ABBNA,LAVADORAS,LAVADORA BRASTEMP 14KG BRANCA COM CICLO TIRA MANCHAS ADVANCED E CICLO ANTIBOLINHA,BRASTEMP,BRANCA,220V,127V-220V,A,7891129498310,84502090
Jan/2020,LB_GERAL,CWH14AB,CWH14ABANA,LAVADORAS,LAVADORA CONSUL 14KG BRANCA COM DOSAGEM EXTRA ECONÔMICA E CICLO EDREDON,CONSUL,BRANCA,127V,127V-220V,A,7891129499379,84502090
Jan/2020,LB_GERAL,CWH14AB,CWH14ABBNA,LAVADORAS,LAVADORA CONSUL 14KG BRANCA COM DOSAGEM EXTRA ECONÔMICA E CICLO EDREDON,CONSUL,BRANCA,220V,127V-220V,A,7891129500037,84502090
Jan/2020,LB_GERAL,BLF08AB,BLF08ABANA,LAVALOUÇAS,LAVALOUÇAS COMPACTA 8 SERVIÇOS,BRASTEMP,BRANCO,127V,127V-220V,N/A,7891129207370,84221100
Jan/2020,LB_GERAL,BLF08AB,BLF08ABBNA,LAVALOUÇAS,LAVALOUÇAS COMPACTA 8 SERVIÇOS,BRASTEMP,BRANCO,220V,127V-220V,N/A,7891129204829,84221100
Jan/2020,LB_GERAL,BLF08AS,BLF08ASANA,LAVALOUÇAS,LAVALOUÇAS COMPACTA 8 SERVIÇOS PRATA,BRASTEMP,PRATA,127V,127V-220V,N/A,7891129204836,84221100
Jan/2020,LB_GERAL,BLF08AS,BLF08ASBNA,LAVALOUÇAS,LAVALOUÇAS COMPACTA 8 SERVIÇOS PRATA,BRASTEMP,PRATA,220V,127V-220V,N/A,7891129205741,84221100
Jan/2020,LB_GERAL,BLF10AB,BLF10ABANA,LAVALOUÇAS,LAVALOUÇAS 10 SERVIÇOS BRANCA,BRASTEMP,BRANCO,127V,127V-220V,N/A,7891129234291,84221100
Jan/2020,LB_GERAL,BLF10AB,BLF10ABBNA,LAVALOUÇAS,LAVALOUÇAS 10 SERVIÇOS BRANCA,BRASTEMP,BRANCO,220V,127V-220V,N/A,7891129234604,84221100
Jan/2020,LB_GERAL,BLF10AS,BLF10ASANA,LAVALOUÇAS,LAVALOUÇAS 10 SERVIÇOS ESPELHADA,BRASTEMP,ESPELHADO,127V,127V-220V,N/A,7891129234628,84221100
Jan/2020,LB_GERAL,BLF10AS,BLF10ASBNA,LAVALOUÇAS,LAVALOUÇAS 10 SERVIÇOS ESPELHADA,BRASTEMP,ESPELHADO,220V,127V-220V,N/A,7891129234635,84221100
Jan/2020,LB_GERAL,BLF14AB,BLF14ABANA,LAVALOUÇAS,LAVA LOUÇAS BRASTEMP 14 SERVIÇOS - BRANCA,BRASTEMP,N/A,127V,127V-220V,N/A,7891129253629,84221100
Jan/2020,LB_GERAL,BLF14AB,BLF14ABBNA,LAVALOUÇAS,LAVA LOUÇAS BRASTEMP 14 SERVIÇOS - BRANCA,BRASTEMP,N/A,220V,127V-220V,N/A,7891129253711,84221100
Jan/2020,LB_GERAL,BLF14AE,BLF14AEANA,LAVALOUÇAS,LAVA LOUÇAS BRASTEMP 14 SERVIÇOS - PRETA,BRASTEMP,N/A,127V,127V-220V,N/A,7891129253759,84221100
Jan/2020,LB_GERAL,BLF14AE,BLF14AEBNA,LAVALOUÇAS,LAVA LOUÇAS BRASTEMP 14 SERVIÇOS - PRETA,BRASTEMP,N/A,220V,127V-220V,N/A,7891129253766,84221100
Jan/2020,LB_GERAL,BLF14AR,BLF14ARANA,LAVALOUÇAS,LAVA LOUÇAS BRASTEMP 14 SERVIÇOS - INOX,BRASTEMP,N/A,127V,127V-220V,N/A,7891129253735,84221100
Jan/2020,LB_GERAL,BLF14AR,BLF14ARBNA,LAVALOUÇAS,LAVA LOUÇAS BRASTEMP 14 SERVIÇOS - INOX,BRASTEMP,N/A,220V,127V-220V,N/A,7891129253742,84221100
Jan/2020,LB_GERAL,GLB14AB,GLB14ABANA,LAVALOUÇAS,LAVA LOUÇAS  DE EMBUTIR BRASTEMP VITREOUS 14 SERVIÇOS,BRASTEMP,BRANCO,127V,127V,N/A,7891129240100,84221100
Jan/2020,LB_GERAL,BLB14FR,BLB14FRANA,LAVALOUÇAS,LAVA LOUÇAS BRASTEMP GOURM 14S INOX 220V,BRASTEMP,INOX,127V,127V,N/A,7891129499515,84221100
Jan/2020,LB_GERAL,BLF10BB,BLF10BBANA,LAVALOUÇAS,LAVA LOUÇAS 10 SERVIÇOS BRANCA,BRASTEMP,BRANCO,127V,127V-220V,N/A,7891129501911,84221100
Jan/2020,LB_GERAL,BLF10BB,BLF10BBBNA,LAVALOUÇAS,LAVA LOUÇAS 10 SERVIÇOS BRANCA,BRASTEMP,BRANCO,220V,127V-220V,N/A,7891129501904,84221100
Jan/2020,LB_GERAL,BLF10BR,BLF10BRANA,LAVALOUÇAS,LAVA LOUÇAS 10 SERVIÇOS COR INOX,BRASTEMP,INOX,127V,127V-220V,N/A,7891129501928,84221100
Jan/2020,LB_GERAL,BLF10BR,BLF10BRBNA,LAVALOUÇAS,LAVA LOUÇAS 10 SERVIÇOS COR INOX,BRASTEMP,INOX,220V,127V-220V,N/A,7891129501935,84221100
Jan/2020,LB_GERAL,BPG40C2,BPG40C2ANA,MÁQUINA DE BEBIDAS,MÁQUINA DE BEBIDAS ROXO,BBLEND,ROXO,127 V,127 V,N/A,7891129268524,84798999
Jan/2020,LB_GERAL,BPG40C2,BPG40C2BNA,MÁQUINA DE BEBIDAS,MÁQUINA DE BEBIDAS ROXO,BBLEND,ROXO,220 V,220 V,N/A,7891129268531,84798999
Jan/2020,LB_GERAL,BPG40CB,BPG40CBANA,MÁQUINA DE BEBIDAS,MÁQUINA DE BEBIDAS 60HZ BRANCO,BBLEND,BRANCO,127 V,127 V,N/A,7891129268548,84798999
Jan/2020,LB_GERAL,BPG40CB,BPG40CBBNA,MÁQUINA DE BEBIDAS,MÁQUINA DE BEBIDAS 60HZ BRANCO,BBLEND,BRANCO,220 V,220 V,N/A,7891129268555,84798999
Jan/2020,LB_GERAL,BPG40CE,BPG40CEANA,MÁQUINA DE BEBIDAS,MÁQUINA DE BEBIDAS PRETO,BBLEND,PRETO,127 V,127 V,N/A,7891129268562,84798999
Jan/2020,LB_GERAL,BPG40CE,BPG40CEBNA,MÁQUINA DE BEBIDAS,MÁQUINA DE BEBIDAS PRETO,BBLEND,PRETO,220 V,220 V,N/A,7891129268579,84798999
Jan/2020,LB_GERAL,BPG40CQ,BPG40CQANA,MÁQUINA DE BEBIDAS,MAQUINA DE BEBIDAS GRAFITE 127V,BBLEND,GRAFITE,127 V,127 V,N/A,7891129268586,84798999
Jan/2020,LB_GERAL,BPG40CQ,BPG40CQBNA,MÁQUINA DE BEBIDAS,MÁQUINA DE BEBIDAS GRAFITE,BBLEND,GRAFITE,220 V,220 V,N/A,7891129268593,84798999
Jan/2020,LB_GERAL,BPG40CV,BPG40CVANA,MÁQUINA DE BEBIDAS,MÁQUINA DE BEBIDAS VERMELHO,BBLEND,VERMELHO,127 V,127 V,N/A,7891129268609,84798999
Jan/2020,LB_GERAL,BPG40CV,BPG40CVBNA,MÁQUINA DE BEBIDAS,MÁQUINA DE BEBIDAS VERMELHO,BBLEND,VERMELHO,220 V,220 V,N/A,7891129268616,84798999
Jan/2020,LB_GERAL,BPJ38AB,BPJ38ABANA,MÁQUINA DE BEBIDAS,MAQUINA BEBIDAS C/ AG QUENTE BRANCO,BBLEND,BRANCO,127 V,127 V,N/A,7891129250444,84798999
Jan/2020,LB_GERAL,BPJ38AB,BPJ38ABBNA,MÁQUINA DE BEBIDAS,MAQUINA BEBIDAS C/ AG QUENTE BRANCO,BBLEND,BRANCO,220 V,220 V,N/A,7891129250451,84798999
Jan/2020,LB_GERAL,BPJ38AE,BPJ38AEANA,MÁQUINA DE BEBIDAS,MAQUINA BEBIDAS C/ AG QUENTE PRETO,BBLEND,PRETO,127 V,127 V,N/A,7891129250468,84798999
Jan/2020,LB_GERAL,BPJ38AE,BPJ38AEBNA,MÁQUINA DE BEBIDAS,MAQUINA BEBIDAS C/ AG QUENTE PRETO,BBLEND,PRETO,220 V,220 V,N/A,7891129250475,84798999
Jan/2020,LB_GERAL,BMS20AR,BMS20ARBNA,MICROONDAS,MICRO-ONDAS BRASTEMP 20 LITROS COR INOX ESPELHADO COM FUNÇÕES PRÉ-PREPARO,BRASTEMP,INOX,220V,220V,A,7891129501713,85165000
Jan/2020,LB_GERAL,BMS20AR,BMS20ARANA,MICROONDAS,MICRO-ONDAS BRASTEMP 20 LITROS COR INOX ESPELHADO COM FUNÇÕES PRÉ-PREPARO,BRASTEMP,INOX,127V,127V,B,7891129501706,85165000
Jan/2020,LB_GERAL,BMG45AE,BMG45AEANA,MICRO-ONDAS,MICRO-ONDAS 32L BRASTEMP PRETO COM GRILL,BRASTEMP,N/A,127V,127V-220V,A,7891129250871,85165000
Jan/2020,LB_GERAL,BMG45AE,BMG45AEBNA,MICRO-ONDAS,MICRO-ONDAS 32L BRASTEMP PRETO COM GRILL,BRASTEMP,N/A,220V,127V-220V,A,7891129250888,85165000
Jan/2020,LB_GERAL,BMG45AR,BMG45ARANA,MICRO-ONDAS,MICRO-ONDAS 32L BRASTEMP INOX COM GRILL,BRASTEMP,N/A,127V,127V-220V,A,7891129250857,85165000
Jan/2020,LB_GERAL,BMG45AR,BMG45ARBNA,MICRO-ONDAS,MICRO-ONDAS 32L BRASTEMP INOX COM GRILL,BRASTEMP,N/A,220V,127V-220V,A,7891129250864,85165000
Jan/2020,LB_GERAL,BMJ38AR,BMJ38ARANA,MICRO-ONDAS,MICRO-ONDAS BRASTEMP ATIVE! 38L,BRASTEMP,INOX,127V,127V-220V,B,7891129220454,85165000
Jan/2020,LB_GERAL,BMJ38AR,BMJ38ARBNA,MICRO-ONDAS,MICRO-ONDAS BRASTEMP ATIVE! 38L,BRASTEMP,INOX,220V,127V-220V,B,7891129220461,85165000
Jan/2020,LB_GERAL,BMO40AR,BMO40ARBNA,MICRO-ONDAS,MICRO-ONDAS DE EMBUTIR BRASTEMP GOURMAND - 40 LITROS,BRASTEMP,Inox,220V,220V,C,7891129230866,85165000
Jan/2020,LB_GERAL,BMR31AS,BMR31ASBNA,MICRO-ONDAS,FORNO MULTIFUNCIONAL COM MICRO-ONDAS BRASTEMP GOURMAND,BRASTEMP,PRETO,220V,220V,A,7891129241206,85165000
Jan/2020,LB_GERAL,BMS45CB,BMS45CBANA,MICRO-ONDAS,MICRO-ONDAS 32L BRASTEMP BRANCO SEM GRILL,BRASTEMP,BRANCO,127V,127V-220V,A,7891129250307,85165000
Jan/2020,LB_GERAL,BMS45CB,BMS45CBBNA,MICRO-ONDAS,MICRO-ONDAS 32L BRASTEMP BRANCO SEM GRILL,BRASTEMP,BRANCO,220V,127V-220V,A,7891129250314,85165000
Jan/2020,LB_GERAL,BMS45CR,BMS45CRANA,MICRO-ONDAS,MICRO-ONDAS 32L BRASTEMP INOX SEM GRILL,BRASTEMP,N/A,127V,127V-220V,A,7891129250499,85165000
Jan/2020,LB_GERAL,BMS45CR,BMS45CRBNA,MICRO-ONDAS,MICRO-ONDAS 32L BRASTEMP INOX SEM GRILL,BRASTEMP,N/A,220V,127V-220V,A,7891129250802,85165000
Jan/2020,LB_GERAL,CM020BF,CM020BFANA,MICRO-ONDAS,MICROONDAS CONSUL ESPELHADO - 20L,CONSUL,PRATA,127V,127V-220V,B,7891129220423,85165000
Jan/2020,LB_GERAL,CM020BF,CM020BFBNA,MICRO-ONDAS,MICROONDAS CONSUL ESPELHADO - 20L,CONSUL,PRATA,220V,127V-220V,A,7891129220430,85165000
Jan/2020,LB_GERAL,CMA20BB,CMA20BBANA,MICRO-ONDAS,MICROONDAS CONSUL - 20L BRANCO,CONSUL,BRANCO,127V,127V-220V,B,7891129219748,85165000
Jan/2020,LB_GERAL,CMA20BB,CMA20BBBNA,MICRO-ONDAS,MICROONDAS CONSUL - 20L BRANCO,CONSUL,BRANCO,220V,127V-220V,A,7891129219755,85165000
Jan/2020,LB_GERAL,CMS45AB,CMS45ABANA,MICRO-ONDAS,MICRO-ONDAS 32L CONSUL BRANCO SEM GRILL,CONSUL,BRANCO,127V,127V-220V,A,7891129250215,85165000
Jan/2020,LB_GERAL,CMS45AB,CMS45ABBNA,MICRO-ONDAS,MICRO-ONDAS 32L CONSUL BRANCO SEM GRILL,CONSUL,BRANCO,220V,127V-220V,A,7891129250208,85165000
Jan/2020,LB_GERAL,CMS45AR,CMS45ARANA,MICRO-ONDAS,MICRO-ONDAS 32L CONSUL INOX SEM GRILL,CONSUL,N/A,127V,127V-220V,A,7891129250819,85165000
Jan/2020,LB_GERAL,CMS45AR,CMS45ARBNA,MICRO-ONDAS,MICRO-ONDAS 32L CONSUL INOX SEM GRILL,CONSUL,N/A,220V,127V-220V,A,7891129250826,85165000
Jan/2020,LB_GERAL,GMT40AB,GMT40ABBNA,MICRO-ONDAS,MICRO-ONDAS DE EMBUTIR BRASTEMP VITREOUS BRANCO 40L,BRASTEMP,BRANCO,220V,220V,C,7891129238237,85165000
Jan/2020,LB_GERAL,BMO45AR,BMO45ARBNA,MICRO-ONDAS,MICROONDAS BRASTEMP GOURM 40L INOX 220V,BRASTEMP,INOX,220V,220V,C,7891129266834,85165000
Jan/2020,LB_GERAL,CIX01AX,CIX01AXONA,PURIFICADOR,REFIL PURIFICADOR DE ÁGUA CONSUL,CONSUL,NEUTRO,S/ VOLTAGEM,S/ VOLTAGEM,N/A,7891129186651,84219999
Jan/2020,LB_GERAL,CIX03AX,CIX03AXONA,PURIFICADOR,REFIL PARA PURIFICADOR DE ÁGUA DE TORNEIRA CONSUL FACILITE,CONSUL,NEUTRO,S/ VOLTAGEM,S/ VOLTAGEM,N/A,7891129223769,84219999
Jan/2020,LB_GERAL,CIX04AX,CIX04AXONA,PURIFICADOR,PACK COM 2 REFIL PARA PURIFICADOR DE ÁGUA PORTÁTIL CONSUL FACILITE,CONSUL,NEUTRO,S/ VOLTAGEM,S/ VOLTAGEM,N/A,7891129223875,84219999
Jan/2020,LB_GERAL,CIX05AX,CIX05AXONA,PURIFICADOR,PACK COM 2 REFIL PARA PURIFICADOR DE ÁGUA DE TORNEIRA CONSUL FACILITE,CONSUL,NEUTRO,S/ VOLTAGEM,S/ VOLTAGEM,N/A,7891129224285,84219999
Jan/2020,LB_GERAL,CJD20AB,CJD20ABANA,PURIFICADOR,BEBEDOURO REFRIGERADO CONSUL,CONSUL,BRANCO,127V,127V-220V,N/A,7891129236417,84186931
Jan/2020,LB_GERAL,CJD20AB,CJD20ABBNA,PURIFICADOR,BEBEDOURO REFRIGERADO CONSUL,CONSUL,BRANCO,220V,127V-220V,N/A,7891129236424,84186931
Jan/2020,LB_GERAL,CPB34AB,CPB34ABVNA,PURIFICADOR,PURIFICADOR CONSUL REFRIGERADO ELETRONICO - BRANCO,CONSUL,BRANCO,BIVOLT,BIVOLT,N/A,7891129247109,84212100
Jan/2020,LB_GERAL,CPB34AF,CPB34AFVNA,PURIFICADOR,PURIFICADOR CONSUL REFRIGERADO ELETRONICO - CINZA,CONSUL,CINZA,BIVOLT,BIVOLT,N/A,7891129247116,84212100
Jan/2020,LB_GERAL,CPB34AS,CPB34ASVNA,PURIFICADOR,PURIFICADOR CONSUL REFRIGERADO ELETRONICO - PRATA,CONSUL,PRATA,BIVOLT,BIVOLT,N/A,7891129251335,84212100
Jan/2020,LB_GERAL,CPB36AB,CPB36ABANA,PURIFICADOR,"PURIFICADOR CONSUL BEM ESTAR REFRIGERADO ",CONSUL,BRANCO,127V,127V-220V,N/A,7891129223899,84212100
Jan/2020,LB_GERAL,CPB36AB,CPB36ABBNA,PURIFICADOR,"PURIFICADOR CONSUL BEM ESTAR REFRIGERADO ",CONSUL,BRANCO,220V,127V-220V,N/A,7891129224209,84212100
Jan/2020,LB_GERAL,CPB36AF,CPB36AFANA,PURIFICADOR,"PURIFICADOR CONSUL BEM ESTAR REFRIGERADO ",CONSUL,TITANIUM,127V,127V-220V,N/A,7891129224087,84212100
Jan/2020,LB_GERAL,CPB36AF,CPB36AFBNA,PURIFICADOR,"PURIFICADOR CONSUL BEM ESTAR REFRIGERADO ",CONSUL,TITANIUM,220V,127V-220V,N/A,7891129224094,84212100
Jan/2020,LB_GERAL,CPC30AB,CPC30ABONA,PURIFICADOR,PURIFICADOR DE ÁGUA CONSUL,CONSUL,BRANCO,S/ VOLTAGEM,S/ VOLTAGEM,N/A,7891129186101,84212100
Jan/2020,LB_GERAL,CPC30AF,CPC30AFONA,PURIFICADOR,PURIFICADOR DE ÁGUA CONSUL,CONSUL,PRATA,S/ VOLTAGEM,S/ VOLTAGEM,N/A,7891129219205,84212100
Jan/2020,LB_GERAL,CPC31AB,CPC31ABONA,PURIFICADOR,PURIFICADOR DE ÁGUA CONSUL BRANCO - NÃO REFRIGERADO,CONSUL,BRANCO,S/ VOLTAGEM,S/ VOLTAGEM,N/A,7891129247123,84212100
Jan/2020,LB_GERAL,CPC31AF,CPC31AFONA,PURIFICADOR,PURIFICADOR DE ÁGUA CONSUL CINZA - NÃO REFRIGERADO,CONSUL,CINZA,S/ VOLTAGEM,S/ VOLTAGEM,N/A,7891129247130,84212100
Jan/2020,LB_GERAL,CRE44AB,CRE44ABANA,REFRIGERAÇÃO,REFRIGERADOR DUAS PORTAS FROST FREE CONSUL 397L BRANCA COM FREEZER EM BAIXO,CONSUL,BRANCO,127V,127V-220V,A,7891129499737,84181000
Jan/2020,LB_GERAL,CRE44AB,CRE44ABBNA,REFRIGERAÇÃO,REFRIGERADOR DUAS PORTAS FROST FREE CONSUL 397L BRANCA COM FREEZER EM BAIXO,CONSUL,BRANCO,220V,127V-220V,A,7891129499744,84181000
Jan/2020,LB_GERAL,CRE44AK,CRE44AKANA,REFRIGERAÇÃO,REFRIGERADOR DUAS PORTAS FROST FREE CONSUL 397L EVOX COM FREEZER EM BAIXO,CONSUL,INOX,127V,127V-220V,A,7891129499751,84181000
Jan/2020,LB_GERAL,CRE44AK,CRE44AKBNA,REFRIGERAÇÃO,REFRIGERADOR DUAS PORTAS FROST FREE CONSUL 397L EVOX COM FREEZER EM BAIXO,CONSUL,INOX,220V,127V-220V,A,7891129499768,84181000
Jan/2020,LB_GERAL,CRM39AB,CRM39ABANA,REFRIGERAÇÃO,REFRIGERADOR DUAS PORTAS FROST FREE CONSUL 340L BRANCA,CONSUL,BRANCO,127V,127V-220V,A,7891129514218,84181000
Jan/2020,LB_GERAL,CRM39AB,CRM39ABBNA,REFRIGERAÇÃO,REFRIGERADOR DUAS PORTAS FROST FREE CONSUL 340L BRANCA,CONSUL,BRANCO,220V,127V-220V,A,7891129514225,84181000
Jan/2020,LB_GERAL,CRM39AK,CRM39AKANA,REFRIGERAÇÃO,REFRIGERADOR DUAS PORTAS FROST FREE CONSUL 340L EVOX,CONSUL,INOX,127V,127V-220V,A,7891129514232,84181000
Jan/2020,LB_GERAL,CRM39AK,CRM39AKBNA,REFRIGERAÇÃO,REFRIGERADOR DUAS PORTAS FROST FREE CONSUL 340L EVOX,CONSUL,INOX,220V,127V-220V,A,7891129514249,84181000
Jan/2020,LB_GERAL,BRA08AE,BRA08AEANA,REFRIGERADORES,REFRIGERADOR RETRO PRETO 80,BRASTEMP,PRETO,127V,127V-220V,A,7891129186248,84182100
Jan/2020,LB_GERAL,BRA08AE,BRA08AEBNA,REFRIGERADORES,REFRIGERADOR RETRO PRETO 80,BRASTEMP,PRETO,220V,127V-220V,A,7891129192720,84182100
Jan/2020,LB_GERAL,BRA08AV,BRA08AVANA,REFRIGERADORES,MINI REFRIGERADOR 80 - RETRO VERMELHO,BRASTEMP,VERMELHO,127V,127V-220V,A,7891129170858,84182100
Jan/2020,LB_GERAL,BRA08AV,BRA08AVBNA,REFRIGERADORES,MINI REFRIGERADOR 80 - RETRO VERMELHO,BRASTEMP,VERMELHO,220V,127V-220V,A,7891129187719,84182100
Jan/2020,LB_GERAL,BRA08BB,BRA08BBANA,REFRIGERADORES,FRIGOBAR BRASTEMP RETRÔ 68L ICE WHITE - BRA08BB,BRASTEMP,Branco,127V,127V,A,7891129245747,84182100
Jan/2020,LB_GERAL,BRA08BB,BRA08BBBNA,REFRIGERADORES,FRIGOBAR BRASTEMP RETRÔ 68L ICE WHITE - BRA08BB,BRASTEMP,Branco,220V,220V,A,7891129245754,84182100
Jan/2020,LB_GERAL,BRA08BG,BRA08BGANA,REFRIGERADORES,FRIGOBAR BRASTEMP RETRÔ 68L MARSALA WINE - BRA08BG,BRASTEMP,Berinjela,127V,127V,A,7891129245761,84182100
Jan/2020,LB_GERAL,BRA08BG,BRA08BGBNA,REFRIGERADORES,FRIGOBAR BRASTEMP RETRÔ 68L MARSALA WINE - BRA08BG,BRASTEMP,Berinjela,220V,220V,A,7891129245778,84182100
Jan/2020,LB_GERAL,BRA08BY,BRA08BYANA,REFRIGERADORES,FRIGOBAR BRASTEMP RETRÔ 68L AMARELO - BRA08BY,BRASTEMP,Amarelo,127V,127V,A,7891129245709,84182100
Jan/2020,LB_GERAL,BRA08BY,BRA08BYBNA,REFRIGERADORES,FRIGOBAR BRASTEMP RETRÔ 68L AMARELO - BRA08BY,BRASTEMP,Amarelo,220V,220V,A,7891129245716,84182100
Jan/2020,LB_GERAL,BRA08BZ,BRA08BZANA,REFRIGERADORES,FRIGOBAR BRASTEMP RETRÔ 68L MIDNIGHT BLUE - BRA08BZ,BRASTEMP,Azul,127V,127V,A,7891129245723,84182100
Jan/2020,LB_GERAL,BRA08BZ,BRA08BZBNA,REFRIGERADORES,FRIGOBAR BRASTEMP RETRÔ 68L MIDNIGHT BLUE - BRA08BZ,BRASTEMP,Azul,220V,220V,A,7891129245730,84182100
Jan/2020,LB_GERAL,BRC12XK,BRC12XKANA,REFRIGERADORES,COMPACTO 120 EVOX,BRASTEMP,INOX,127V,127V,A,7891129252899,84182100
Jan/2020,LB_GERAL,BRC12XK,BRC12XKBNA,REFRIGERADORES,COMPACTO 120 EVOX,BRASTEMP,INOX,220V,220V,A,7891129253209,84182100
Jan/2020,LB_GERAL,BRE57AB,BRE57ABANA,REFRIGERADORES,REFRIGERADOR BRASTEMP 2P FF 443L - BRANCO,BRASTEMP,BRANCO,127V,127V-220V,A,7891129252035,84181000
Jan/2020,LB_GERAL,BRE57AB,BRE57ABBNA,REFRIGERADORES,REFRIGERADOR BRASTEMP 2P FF 443L - BRANCO,BRASTEMP,BRANCO,220V,127V-220V,A,7891129252042,84181000
Jan/2020,LB_GERAL,BRE57AK,BRE57AKANA,REFRIGERADORES,REFRIGERADOR BRASTEMP 2P FF 443L - EVOX,BRASTEMP,INOX,127V,127V-220V,A,7891129252059,84181000
Jan/2020,LB_GERAL,BRE57AK,BRE57AKBNA,REFRIGERADORES,REFRIGERADOR BRASTEMP 2P FF 443L - EVOX,BRASTEMP,INOX,220V,127V-220V,A,7891129252066,84181000
Jan/2020,LB_GERAL,BRE58AB,BRE58ABANA,REFRIGERADORES,REFRIGERADOR BRASTEMP 2P FF 478L - BRANCO,BRASTEMP,BRANCO,127V,127V-220V,A,7891129252073,84181000
Jan/2020,LB_GERAL,BRE58AB,BRE58ABBNA,REFRIGERADORES,REFRIGERADOR BRASTEMP 2P FF 478L - BRANCO,BRASTEMP,BRANCO,220V,127V-220V,A,7891129252080,84181000
Jan/2020,LB_GERAL,BRE58AK,BRE58AKANA,REFRIGERADORES,REFRIGERADOR BRASTEMP 2P FF 478L - EVOX,BRASTEMP,INOX,127V,127V-220V,A,7891129252097,84181000
Jan/2020,LB_GERAL,BRE58AK,BRE58AKBNA,REFRIGERADORES,REFRIGERADOR BRASTEMP 2P FF 478L - EVOX,BRASTEMP,INOX,220V,127V-220V,A,7891129252103,84181000
Jan/2020,LB_GERAL,BRE59AB,BRE59ABANA,REFRIGERADORES,REFRIGERADOR BRASTEMP 2P FF 460L - BRANCO,BRASTEMP,BRANCO,127V,127V-220V,A,7891129252110,84181000
Jan/2020,LB_GERAL,BRE59AB,BRE59ABBNA,REFRIGERADORES,REFRIGERADOR BRASTEMP 2P FF 460L - BRANCO,BRASTEMP,BRANCO,220V,127V-220V,A,7891129252127,84181000
Jan/2020,LB_GERAL,BRE59AE,BRE59AEANA,REFRIGERADORES,REFRIGERADOR BRASTEMP 2P FF 460L - PRETO,BRASTEMP,PRETO,127V,127V-220V,A,7891129252158,84181000
Jan/2020,LB_GERAL,BRE59AE,BRE59AEBNA,REFRIGERADORES,REFRIGERADOR BRASTEMP 2P FF 460L - PRETO,BRASTEMP,PRETO,220V,127V-220V,A,7891129252165,84181000
Jan/2020,LB_GERAL,BRE59AK,BRE59AKANA,REFRIGERADORES,REFRIGERADOR BRASTEMP 2P FF 460L - EVOX,BRASTEMP,INOX,127V,127V-220V,A,7891129252134,84181000
Jan/2020,LB_GERAL,BRE59AK,BRE59AKBNA,REFRIGERADORES,REFRIGERADOR BRASTEMP 2P FF 460L - EVOX,BRASTEMP,INOX,220V,127V-220V,A,7891129252141,84181000
Jan/2020,LB_GERAL,BRE80AB,BRE80ABANA,REFRIGERADORES,REFRIGERADOR DOMÉST 2 PORTAS 573L BR,BRASTEMP,BRANCO,127V,127V-220V,A,7891129206205,84181000
Jan/2020,LB_GERAL,BRE80AB,BRE80ABBNA,REFRIGERADORES,REFRIGERADOR DOMÉST 2 PORTAS 573L BR,BRASTEMP,BRANCO,220V,127V-220V,A,7891129206212,84181000
Jan/2020,LB_GERAL,BRE80AK,BRE80AKANA,REFRIGERADORES,REFRIGERADOR DOMÉST 2 PORTAS 573L EVOX,BRASTEMP,INOX,127V,127V-220V,A,7891129236707,84181000
Jan/2020,LB_GERAL,BRE80AK,BRE80AKBNA,REFRIGERADORES,REFRIGERADOR DOMÉST 2 PORTAS 573L EVOX,BRASTEMP,INOX,220V,127V-220V,A,7891129236714,84181000
Jan/2020,LB_GERAL,BRM44HB,BRM44HBANA,REFRIGERADORES,REFRIGERADOR BRASTEMP 2P FF 375L - BRANCO,BRASTEMP,Branco,127V,127V-220V,A,7891129252707,84181000
Jan/2020,LB_GERAL,BRM44HB,BRM44HBBNA,REFRIGERADORES,REFRIGERADOR BRASTEMP 2P FF 375L - BRANCO,BRASTEMP,Branco,220V,127V-220V,A,7891129252714,84181000
Jan/2020,LB_GERAL,BRM44HK,BRM44HKANA,REFRIGERADORES,REFRIGERADOR BRASTEMP 2P FF 375L - EVOX,BRASTEMP,INOX,127V,127V-220V,A,7891129252721,84181000
Jan/2020,LB_GERAL,BRM44HK,BRM44HKBNA,REFRIGERADORES,REFRIGERADOR BRASTEMP 2P FF 375L - EVOX,BRASTEMP,INOX,220V,127V-220V,A,7891129252738,84181000
Jan/2020,LB_GERAL,BRM45HB,BRM45HBANA,REFRIGERADORES,REFRIGERADOR BRASTEMP 2P FF 375L - BRANCO,BRASTEMP,Branco,127V,127V-220V,A,7891129252745,84181000
Jan/2020,LB_GERAL,BRM45HB,BRM45HBBNA,REFRIGERADORES,REFRIGERADOR BRASTEMP 2P FF 375L - BRANCO,BRASTEMP,Branco,220V,127V-220V,A,7891129252752,84181000
Jan/2020,LB_GERAL,BRM45HK,BRM45HKANA,REFRIGERADORES,REFRIGERADOR BRASTEMP 2P FF 375L - EVOX,BRASTEMP,INOX,127V,127V-220V,A,7891129252769,84181000
Jan/2020,LB_GERAL,BRM45HK,BRM45HKBNA,REFRIGERADORES,REFRIGERADOR BRASTEMP 2P FF 375L - EVOX,BRASTEMP,INOX,220V,127V-220V,A,7891129252776,84181000
Jan/2020,LB_GERAL,BRM54HB,BRM54HBANA,REFRIGERADORES,REFRIGERADOR BRASTEMP 2P FF 400L - BRANCO,BRASTEMP,BRANCO,127V,127V-220V,A,7891129252820,84181000
Jan/2020,LB_GERAL,BRM54HB,BRM54HBBNA,REFRIGERADORES,REFRIGERADOR BRASTEMP 2P FF 400L - BRANCO,BRASTEMP,BRANCO,220V,127V-220V,A,7891129252837,84181000
Jan/2020,LB_GERAL,BRM54HK,BRM54HKANA,REFRIGERADORES,REFRIGERADOR BRASTEMP 2P FF 400L - EVOX,BRASTEMP,INOX,127V,127V-220V,A,7891129252844,84181000
Jan/2020,LB_GERAL,BRM54HK,BRM54HKBNA,REFRIGERADORES,REFRIGERADOR BRASTEMP 2P FF 400L - EVOX,BRASTEMP,INOX,220V,127V-220V,A,7891129252851,84181000
Jan/2020,LB_GERAL,BRM56AB,BRM56ABANA,REFRIGERADORES,REFRIGERADOR BRASTEMP 2P FF 462L - BRANCO,BRASTEMP,BRANCO,127V,127V-220V,A,7891129250086,84181000
Jan/2020,LB_GERAL,BRM56AB,BRM56ABBNA,REFRIGERADORES,REFRIGERADOR BRASTEMP 2P FF 462L - BRANCO,BRASTEMP,BRANCO,220V,127V-220V,A,7891129250093,84181000
Jan/2020,LB_GERAL,BRM56AK,BRM56AKANA,REFRIGERADORES,REFRIGERADOR BRASTEMP 2P FF 462L - EVOX,BRASTEMP,INOX,127V,127V-220V,A,7891129251571,84181000
Jan/2020,LB_GERAL,BRM56AK,BRM56AKBNA,REFRIGERADORES,REFRIGERADOR BRASTEMP 2P FF 462L - EVOX,BRASTEMP,INOX,220V,127V-220V,A,7891129251588,84181000
Jan/2020,LB_GERAL,BRM57AB,BRM57ABANA,REFRIGERADORES,REFRIGERADOR BRASTEMP 2P FF 500L - BRANCO,BRASTEMP,BRANCO,127V,127V-220V,A,7891129251595,84181000
Jan/2020,LB_GERAL,BRM57AB,BRM57ABBNA,REFRIGERADORES,REFRIGERADOR BRASTEMP 2P FF 500L - BRANCO,BRASTEMP,BRANCO,220V,127V-220V,A,7891129251908,84181000
Jan/2020,LB_GERAL,BRM57AK,BRM57AKANA,REFRIGERADORES,REFRIGERADOR BRASTEMP 2P FF 500L - EVOX,BRASTEMP,INOX,127V,127V-220V,A,7891129251915,84181000
Jan/2020,LB_GERAL,BRM57AK,BRM57AKBNA,REFRIGERADORES,REFRIGERADOR BRASTEMP 2P FF 500L - EVOX,BRASTEMP,INOX,220V,127V-220V,A,7891129251922,84181000
Jan/2020,LB_GERAL,BRM58AB,BRM58ABANA,REFRIGERADORES,REFRIGERADOR BRASTEMP 2P FF 500L - BRANCO,BRASTEMP,BRANCO,127V,127V-220V,A,7891129251939,84181000
Jan/2020,LB_GERAL,BRM58AB,BRM58ABBNA,REFRIGERADORES,REFRIGERADOR BRASTEMP 2P FF 500L - BRANCO,BRASTEMP,BRANCO,220V,127V-220V,A,7891129251946,84181000
Jan/2020,LB_GERAL,BRM58AK,BRM58AKANA,REFRIGERADORES,REFRIGERADOR BRASTEMP 2P FF 500L - EVOX,BRASTEMP,INOX,127V,127V-220V,A,7891129251670,84181000
Jan/2020,LB_GERAL,BRM58AK,BRM58AKBNA,REFRIGERADORES,REFRIGERADOR BRASTEMP 2P FF 500L - EVOX,BRASTEMP,INOX,220V,127V-220V,A,7891129251687,84181000
Jan/2020,LB_GERAL,BRM59AB,BRM59ABANA,REFRIGERADORES,REFRIGERADOR BRASTEMP 2P FF 478L - BRANCO,BRASTEMP,BRANCO,127V,127V-220V,A,7891129251694,84181000
Jan/2020,LB_GERAL,BRM59AB,BRM59ABBNA,REFRIGERADORES,REFRIGERADOR BRASTEMP 2P FF 478L - BRANCO,BRASTEMP,BRANCO,220V,127V-220V,A,7891129252004,84181000
Jan/2020,LB_GERAL,BRM59AK,BRM59AKANA,REFRIGERADORES,REFRIGERADOR BRASTEMP 2P FF 478L - EVOX,BRASTEMP,INOX,127V,127V-220V,A,7891129252011,84181000
Jan/2020,LB_GERAL,BRM59AK,BRM59AKBNA,REFRIGERADORES,REFRIGERADOR BRASTEMP 2P FF 478L - EVOX,BRASTEMP,INOX,220V,127V-220V,A,7891129252028,84181000
Jan/2020,LB_GERAL,BRO80AB,BRO80ABANA,REFRIGERADORES,REFRIGERADOR DOMÉST 3PORTAS 540L,BRASTEMP,BRANCO,127V,127V-220V,A,7891129219915,84181000
Jan/2020,LB_GERAL,BRO80AB,BRO80ABBNA,REFRIGERADORES,REFRIGERADOR DOMÉST 3PORTAS 540L,BRASTEMP,BRANCO,220V,127V-220V,A,7891129219922,84181000
Jan/2020,LB_GERAL,BRO80AE,BRO80AEANA,REFRIGERADORES,REFRIGERADOR DOMÉST 3PORTAS 540L,BRASTEMP,PRETO,127V,127V-220V,A,7891129219946,84181000
Jan/2020,LB_GERAL,BRO80AE,BRO80AEBNA,REFRIGERADORES,REFRIGERADOR DOMÉST 3PORTAS 540L,BRASTEMP,PRETO,220V,127V-220V,A,7891129219953,84181000
Jan/2020,LB_GERAL,BRO80AK,BRO80AKANA,REFRIGERADORES,REFRIGERADOR DOMÉST 3PORTAS 540L,BRASTEMP,INOX,127V,127V-220V,A,7891129219939,84181000
Jan/2020,LB_GERAL,BRO80AK,BRO80AKBNA,REFRIGERADORES,REFRIGERADOR DOMÉST 3PORTAS 540L,BRASTEMP,INOX,220V,127V-220V,A,7891129220010,84181000
Jan/2020,LB_GERAL,BRS62CB,BRS62CBANA,REFRIGERADORES,REFRIGERADOR DOMEST 2P 560 BR,BRASTEMP,BRANCO,127V,127V-220V,A,7891129200913,84181000
Jan/2020,LB_GERAL,BRS62CB,BRS62CBBNA,REFRIGERADORES,REFRIGERADOR DOMEST 2P 560 BR,BRASTEMP,BRANCO,220V,127V-220V,A,7891129200920,84181000
Jan/2020,LB_GERAL,BRS62CR,BRS62CRANA,REFRIGERADORES,REFRIGERADOR DOMEST 2P 560 INOX,BRASTEMP,INOX,127V,127V-220V,A,7891129200708,84181000
Jan/2020,LB_GERAL,BRS62CR,BRS62CRBNA,REFRIGERADORES,REFRIGERADOR DOMEST 2P 560 INOX,BRASTEMP,INOX,220V,127V-220V,A,7891129200906,84181000
Jan/2020,LB_GERAL,BRS75BR,BRS75BRANA,REFRIGERADORES,REFRIGERADOR SIDE BY SIDE 539L,BRASTEMP,INOX,127V,127V,A,7891129242722,84181000
Jan/2020,LB_GERAL,BRY59AE,BRY59AEANA,REFRIGERADORES,REFRIGERADOR BRASTEMP INVERSE 3 FF 419L - PRETO,BRASTEMP,Preto,127V,127V-220V,A,7891129264274,84181000
Jan/2020,LB_GERAL,BRY59AE,BRY59AEBNA,REFRIGERADORES,REFRIGERADOR BRASTEMP INVERSE 3 FF 419L - PRETO,BRASTEMP,Preto,220V,127V-220V,A,7891129264281,84181000
Jan/2020,LB_GERAL,BRY59AK,BRY59AKANA,REFRIGERADORES,REFRIGERADOR BRASTEMP INVERSE 3 FF 419L - EVOX,BRASTEMP,INOX,127V,127V-220V,A,7891129264250,84181000
Jan/2020,LB_GERAL,BRY59AK,BRY59AKBNA,REFRIGERADORES,REFRIGERADOR BRASTEMP INVERSE 3 FF 419L - EVOX,BRASTEMP,INOX,220V,127V-220V,A,7891129264267,84181000
Jan/2020,LB_GERAL,BZA08A,BZA08AEANA,REFRIGERADORES,FRIGOBAR PORTA DE VIDRO,BRASTEMP,PRETA/VIDRO,127V,127V-220V,A,7891129124714,84185090
Jan/2020,LB_GERAL,BZA08A,BZA08AEBNA,REFRIGERADORES,FRIGOBAR PORTA DE VIDRO,BRASTEMP,PRETA/VIDRO,220V,127V-220V,A,7891129124721,84185090
Jan/2020,LB_GERAL,BZA12AF,BZA12AFANA,REFRIGERADORES,FRIGOBAR PORTA DE VIDRO - ILUMINACAÇÃO INTERNA AZUL,BRASTEMP,CINZA,127V,127V-220V,A,7891129171282,84185090
Jan/2020,LB_GERAL,BZA12AF,BZA12AFBNA,REFRIGERADORES,FRIGOBAR PORTA DE VIDRO - ILUMINACAÇÃO INTERNA AZUL,BRASTEMP,CINZA,220V,127V-220V,A,7891129171299,84185090
Jan/2020,LB_GERAL,BZB28AE,BZB28AEANA,REFRIGERADORES,ADEGA CLIMATIZADA 28 GARRAFAS,BRASTEMP,N/A,127V,127V-220V,A,7891129253858,84185090
Jan/2020,LB_GERAL,BZB28AE,BZB28AEBNA,REFRIGERADORES,ADEGA CLIMATIZADA 28 GARRAFAS,BRASTEMP,N/A,220V,127V-220V,A,7891129253872,84185090
Jan/2020,LB_GERAL,BZB31AE,BZB31AEANA,REFRIGERADORES,ADEGA CLIMATIZADA 31 GARRAFAS,BRASTEMP,PRETO,127V,127V-220V,A,7891129212015,84185090
Jan/2020,LB_GERAL,BZB31AE,BZB31AEBNA,REFRIGERADORES,ADEGA CLIMATIZADA 31 GARRAFAS,BRASTEMP,PRETO,220V,127V-220V,A,7891129212022,84185090
Jan/2020,LB_GERAL,BZB33BE,BZB33BEANA,REFRIGERADORES,ADEGA CLIMATIZADA 33 GARRAFAS,BRASTEMP,N/A,127V,127V-220V,A,7891129253520,84185090
Jan/2020,LB_GERAL,BZB33BE,BZB33BEBNA,REFRIGERADORES,ADEGA CLIMATIZADA 33 GARRAFAS,BRASTEMP,N/A,220V,127V-220V,A,7891129253537,84185090
Jan/2020,LB_GERAL,BZB51AE,BZB51AEANA,REFRIGERADORES,ADEGA CLIMATIZADA 51 GARRAFAS,BRASTEMP,N/A,127V,127V-220V,A,7891129253544,84185090
Jan/2020,LB_GERAL,BZB51AE,BZB51AEBNA,REFRIGERADORES,ADEGA CLIMATIZADA 51 GARRAFAS,BRASTEMP,N/A,220V,127V-220V,A,7891129253551,84185090
Jan/2020,LB_GERAL,BZC12BE,BZC12BEANA,REFRIGERADORES,WINE COOLER - 12 GARRAFAS,BRASTEMP,PRETO,127V,127V-220V,A,7891129203549,84185090
Jan/2020,LB_GERAL,BZC12BE,BZC12BEBNA,REFRIGERADORES,WINE COOLER - 12 GARRAFAS,BRASTEMP,PRETO,220V,127V-220V,A,7891129203556,84185090
Jan/2020,LB_GERAL,CRA30FB,CRA30FBANA,REFRIGERADORES,DEGELO SECO 261,CONSUL,BRANCO,127V,127V-220V,A,7891129186408,84182100
Jan/2020,LB_GERAL,CRA30FB,CRA30FBBNA,REFRIGERADORES,DEGELO SECO 261,CONSUL,BRANCO,220V,127V-220V,A,7891129186415,84182100
Jan/2020,LB_GERAL,CRB36AB,CRB36ABANA,REFRIGERADORES,"CONSUL FACILITE 1 PORTA FROST FREE 300L ",CONSUL,BRANCO,127V,127V-220V,A,7891129180567,84182100
Jan/2020,LB_GERAL,CRB36AB,CRB36ABBNA,REFRIGERADORES,"CONSUL FACILITE 1 PORTA FROST FREE 300L ",CONSUL,BRANCO,220V,127V-220V,A,7891129180574,84182100
Jan/2020,LB_GERAL,CRB36ZB,CRB36ZBANA,REFRIGERADORES,CONSUL FACILITE 1 PORTA FROST FREE 300L - SELO PROCEL,CONSUL,BRANCO,127V,127V-220V,A,7891129245808,84181000
Jan/2020,LB_GERAL,CRB36ZB,CRB36ZBBNA,REFRIGERADORES,CONSUL FACILITE 1 PORTA FROST FREE 300L - SELO PROCEL,CONSUL,BRANCO,220V,127V-220V,A,7891129243200,84181000
Jan/2020,LB_GERAL,CRB39AB,CRB39ABANA,REFRIGERADORES,"CONSUL FACILITE 1 PORTA FROST FREE 342L ",CONSUL,BRANCO,127V,127V-220V,A,7891129184657,84182100
Jan/2020,LB_GERAL,CRB39AB,CRB39ABBNA,REFRIGERADORES,"CONSUL FACILITE 1 PORTA FROST FREE 342L ",CONSUL,BRANCO,220V,127V-220V,A,7891129185418,84182100
Jan/2020,LB_GERAL,CRB39AK,CRB39AKANA,REFRIGERADORES,CONSUL FACILITE 1 PORTA FROST FREE 342L EVOX,CONSUL,INOX,127V,127V-220V,A,7891129245471,84182100
Jan/2020,LB_GERAL,CRB39AK,CRB39AKBNA,REFRIGERADORES,CONSUL FACILITE 1 PORTA FROST FREE 342L EVOX,CONSUL,INOX,220V,127V-220V,A,7891129245488,84182100
Jan/2020,LB_GERAL,CRC08CB,CRC08CBANA,REFRIGERADORES,COMPACTO 80,CONSUL,BRANCO,127V,127V-220V,A,7891129224049,84182100
Jan/2020,LB_GERAL,CRC08CB,CRC08CBBNA,REFRIGERADORES,COMPACTO 80,CONSUL,BRANCO,220V,127V-220V,A,7891129224056,84182100
Jan/2020,LB_GERAL,CRC12CB,CRC12CBANA,REFRIGERADORES,COMPACTO 120,CONSUL,BRANCO,127V,127V-220V,A,7891129224063,84182100
Jan/2020,LB_GERAL,CRC12CB,CRC12CBBNA,REFRIGERADORES,COMPACTO 120,CONSUL,BRANCO,220V,127V-220V,A,7891129224070,84182100
Jan/2020,LB_GERAL,CRC28FB,CRC28FBANA,REFRIGERADORES,REFRIGERADOR CONSUL DEGELO MANUAL 239L,CONSUL,BRANCO,127V,127V-220V,A,7891129195264,84182100
Jan/2020,LB_GERAL,CRC28FB,CRC28FBBNA,REFRIGERADORES,REFRIGERADOR CONSUL DEGELO MANUAL 239L,CONSUL,BRANCO,220V,127V-220V,A,7891129195271,84182100
Jan/2020,LB_GERAL,CRD36GB,CRD36GBANA,REFRIGERADORES,BIPLEX 334L,CONSUL,BRANCO,127V,127V-220V,A,7891129219410,84181000
Jan/2020,LB_GERAL,CRD36GB,CRD36GBBNA,REFRIGERADORES,BIPLEX 334L,CONSUL,BRANCO,220V,127V-220V,A,7891129219427,84181000
Jan/2020,LB_GERAL,CRD37EB,CRD37EBANA,REFRIGERADORES,BIPLEX 334,CONSUL,BRANCO,127V,127V-220V,A,7891129195448,84181000
Jan/2020,LB_GERAL,CRD37EB,CRD37EBBNA,REFRIGERADORES,BIPLEX 334,CONSUL,BRANCO,220V,127V-220V,A,7891129195455,84181000
Jan/2020,LB_GERAL,CRD46AB,CRD46ABANA,REFRIGERADORES,REFRIGERADOR DUPLEX CONSUL - 415L,CONSUL,BRANCO,127V,127V-220V,A,7891129230279,84181000
Jan/2020,LB_GERAL,CRD46AB,CRD46ABBNA,REFRIGERADORES,REFRIGERADOR DUPLEX CONSUL - 415L,CONSUL,BRANCO,220V,127V-220V,A,7891129230286,84181000
Jan/2020,LB_GERAL,CRD49AB,CRD49ABANA,REFRIGERADORES,REFRIGERADOR DUPLEX CONSUL - 450L,CONSUL,BRANCO,127V,127V-220V,A,7891129230293,84181000
Jan/2020,LB_GERAL,CRD49AB,CRD49ABBNA,REFRIGERADORES,REFRIGERADOR DUPLEX CONSUL - 450L,CONSUL,BRANCO,220V,127V-220V,A,7891129230606,84181000
Jan/2020,LB_GERAL,CRD49AK,CRD49AKANA,REFRIGERADORES,REFRIGERADOR DUPLEX CONSUL - 450L,CONSUL,INOX,127V,127V-220V,A,7891129230613,84181000
Jan/2020,LB_GERAL,CRD49AK,CRD49AKBNA,REFRIGERADORES,REFRIGERADOR DUPLEX CONSUL - 450L,CONSUL,INOX,220V,127V-220V,A,7891129230620,84181000
Jan/2020,LB_GERAL,CRM35NB,CRM35NBANA,REFRIGERADORES,REFRIGERADOR FROST FREE CONSUL 275L,CONSUL,BRANCO,127V,127V-220V,A,7891129246508,84181000
Jan/2020,LB_GERAL,CRM35NB,CRM35NBBNA,REFRIGERADORES,REFRIGERADOR FROST FREE CONSUL 275L,CONSUL,BRANCO,220V,127V-220V,A,7891129246515,84181000
Jan/2020,LB_GERAL,CRM35NK,CRM35NKANA,REFRIGERADORES,REFRIGERADOR FROST FREE CONSUL 275L EVOX,CONSUL,INOX,127V,127V-220V,A,7891129246522,84181000
Jan/2020,LB_GERAL,CRM35NK,CRM35NKBNA,REFRIGERADORES,REFRIGERADOR FROST FREE CONSUL 275L EVOX,CONSUL,INOX,220V,127V-220V,A,7891129246539,84181000
Jan/2020,LB_GERAL,CRM38NB,CRM38NBANA,REFRIGERADORES,REFRIGERADOR FROST FREE CONSUL 340L,CONSUL,BRANCO,127V,127V-220V,A,7891129246546,84181000
Jan/2020,LB_GERAL,CRM38NB,CRM38NBBNA,REFRIGERADORES,REFRIGERADOR FROST FREE CONSUL 340L,CONSUL,BRANCO,220V,127V-220V,A,7891129246553,84181000
Jan/2020,LB_GERAL,CRM38NK,CRM38NKANA,REFRIGERADORES,REFRIGERADOR FROST FREE CONSUL 340L EVOX,CONSUL,INOX,127V,127V-220V,A,7891129246560,84181000
Jan/2020,LB_GERAL,CRM38NK,CRM38NKBNA,REFRIGERADORES,REFRIGERADOR FROST FREE CONSUL 340L EVOX,CONSUL,INOX,220V,127V-220V,A,7891129246577,84181000
Jan/2020,LB_GERAL,CRM42NB,CRM42NBANA,REFRIGERADORES,REFRIGERADOR FROST FREE CONSUL 386L,CONSUL,BRANCO,127V,127V-220V,A,7891129246584,84181000
Jan/2020,LB_GERAL,CRM42NB,CRM42NBBNA,REFRIGERADORES,REFRIGERADOR FROST FREE CONSUL 386L,CONSUL,BRANCO,220V,127V-220V,A,7891129246591,84181000
Jan/2020,LB_GERAL,CRM42NK,CRM42NKBNA,REFRIGERADORES,REFRIGERADOR FROST FREE CONSUL 386L EVOX,CONSUL,INOX,220V,127V-220V,A,7891129246713,84181000
Jan/2020,LB_GERAL,CRM43NB,CRM43NBANA,REFRIGERADORES,REFRIGERADOR FROST FREE CONSUL 386L,CONSUL,BRANCO,127V,127V-220V,A,7891129246720,84181000
Jan/2020,LB_GERAL,CRM43NB,CRM43NBBNA,REFRIGERADORES,REFRIGERADOR FROST FREE CONSUL 386L,CONSUL,BRANCO,220V,127V-220V,A,7891129246737,84181000
Jan/2020,LB_GERAL,CRM43NK,CRM43NKANA,REFRIGERADORES,REFRIGERADOR FROST FREE CONSUL 386L EVOX,CONSUL,INOX,127V,127V-220V,A,7891129246744,84181000
Jan/2020,LB_GERAL,CRM43NK,CRM43NKBNA,REFRIGERADORES,REFRIGERADOR FROST FREE CONSUL 386L EVOX,CONSUL,INOX,220V,127V-220V,A,7891129246751,84181000
Jan/2020,LB_GERAL,CRM45BB,CRM45BBANA,REFRIGERADORES,REFRIGERADOR DOMEST 2 PORTAS 407L,CONSUL,BRANCO,127V,127V-220V,A,7891129215832,84181000
Jan/2020,LB_GERAL,CRM45BB,CRM45BBBNA,REFRIGERADORES,REFRIGERADOR DOMEST 2 PORTAS 407L,CONSUL,BRANCO,220V,127V-220V,A,7891129215849,84181000
Jan/2020,LB_GERAL,CRM51AB,CRM51ABANA,REFRIGERADORES,REFRIGERADOR DOMÉST 2 PORTAS 405L,CONSUL,BRANCO,127V,127V-220V,A,7891129215856,84181000
Jan/2020,LB_GERAL,CRM51AB,CRM51ABBNA,REFRIGERADORES,REFRIGERADOR DOMÉST 2 PORTAS 405L,CONSUL,BRANCO,220V,127V-220V,A,7891129215863,84181000
Jan/2020,LB_GERAL,CRM51AK,CRM51AKANA,REFRIGERADORES,REFRIGERADOR DOMÉST 2 PORTAS 405L,CONSUL,INOX,127V,127V-220V,A,7891129215870,84181000
Jan/2020,LB_GERAL,CRM51AK,CRM51AKBNA,REFRIGERADORES,REFRIGERADOR DOMÉST 2 PORTAS 405L,CONSUL,INOX,220V,127V-220V,A,7891129215887,84181000
Jan/2020,LB_GERAL,CRM54BB,CRM54BBANA,REFRIGERADORES,GELADEIRA CONSUL DUPLEX FROST FREE BRANCA - 437L,CONSUL,BRANCO,127V,127V-220V,A,7891129242821,84181000
Jan/2020,LB_GERAL,CRM54BB,CRM54BBBNA,REFRIGERADORES,GELADEIRA CONSUL DUPLEX FROST FREE BRANCA - 437L,CONSUL,BRANCO,220V,127V-220V,A,7891129242814,84181000
Jan/2020,LB_GERAL,CRM54BK,CRM54BKANA,REFRIGERADORES,GELADEIRA CONSUL FROST FREE EVOX 441L,CONSUL,INOX,127V,127V-220V,A,7891129252400,84181000
Jan/2020,LB_GERAL,CRM54BK,CRM54BKBNA,REFRIGERADORES,GELADEIRA CONSUL FROST FREE EVOX 441L,CONSUL,INOX,220V,127V-220V,A,7891129252509,84181000
Jan/2020,LB_GERAL,CRM55AB,CRM55ABANA,REFRIGERADORES,REFRIGERADOR DOMÉST 2 PORTAS 437L,CONSUL,BRANCO,127V,127V-220V,A,7891129216136,84181000
Jan/2020,LB_GERAL,CRM55AB,CRM55ABBNA,REFRIGERADORES,REFRIGERADOR DOMÉST 2 PORTAS 437L,CONSUL,BRANCO,220V,127V-220V,A,7891129216143,84181000
Jan/2020,LB_GERAL,CRM55AK,CRM55AKANA,REFRIGERADORES,REFRIGERADOR DOMÉST 2 PORTAS 437L,CONSUL,INOX,127V,127V-220V,A,7891129216150,84181000
Jan/2020,LB_GERAL,CRM55AK,CRM55AKBNA,REFRIGERADORES,REFRIGERADOR DOMÉST 2 PORTAS 437L,CONSUL,INOX,220V,127V-220V,A,7891129216167,84181000
Jan/2020,LB_GERAL,CZD12AT,CZD12ATANA,REFRIGERADORES,CERVEJEIRA CONSUL MAIS,CONSUL,TITANIUM,127V,127V-220V,A,7891129224216,8418.69.99
Jan/2020,LB_GERAL,CZD12AT,CZD12ATBNA,REFRIGERADORES,CERVEJEIRA CONSUL MAIS,CONSUL,TITANIUM,220V,127V-220V,A,7891129224223,8418.69.99
Jan/2020,LB_GERAL,CZD12AV,CZD12AVANA,REFRIGERADORES,CERVEJEIRA CONSUL MAIS,CONSUL,VERMELHO,127V,127V-220V,A,7891129222717,8418.69.99
Jan/2020,LB_GERAL,CZD12AV,CZD12AVBNA,REFRIGERADORES,CERVEJEIRA CONSUL MAIS,CONSUL,VERMELHO,220V,127V-220V,A,7891129222724,8418.69.99
Jan/2020,LB_GERAL,CZD12AY,CZD12AYANA,REFRIGERADORES,CERVEJEIRA CONSUL MAIS,CONSUL,AMARELO,127V,127V-220V,A,7891129222748,8418.69.99
Jan/2020,LB_GERAL,CZD12AY,CZD12AYBNA,REFRIGERADORES,CERVEJEIRA CONSUL MAIS,CONSUL,AMARELO,220V,127V-220V,A,7891129222779,8418.69.99
Jan/2020,LB_GERAL,CZE12AE,CZE12AEANA,REFRIGERADORES,CERVEJEIRA CONSUL SMARTBEER,CONSUL,CARBONO,127V,127V-220V,A,7891129265615,8418.69.99
Jan/2020,LB_GERAL,CZE12AE,CZE12AEBNA,REFRIGERADORES,CERVEJEIRA CONSUL SMARTBEER,CONSUL,CARBONO,220V,127V-220V,A,7891129265622,8418.69.99
Jan/2020,LB_GERAL,CZE12AF,CZE12AFANA,REFRIGERADORES,CERVEJEIRA CONSUL SMARTBEER,CONSUL,Cubos,127V,127V-220V,A,7891129265653,8418.69.99
Jan/2020,LB_GERAL,CZE12AF,CZE12AFBNA,REFRIGERADORES,CERVEJEIRA CONSUL SMARTBEER,CONSUL,Cubos,220V,127V-220V,A,7891129265660,8418.69.99
Jan/2020,LB_GERAL,CZE12AV,CZE12AVANA,REFRIGERADORES,CERVEJEIRA CONSUL SMARTBEER,CONSUL,BUD,127V,127V-220V,A,7891129265639,8418.69.99
Jan/2020,LB_GERAL,CZE12AV,CZE12AVBNA,REFRIGERADORES,CERVEJEIRA CONSUL SMARTBEER,CONSUL,BUD,220V,127V-220V,A,7891129265646,8418.69.99
Jan/2020,LB_GERAL,GRO80AB,GRO80ABANA,REFRIGERADORES,REFRIGERADOR DOMÉST 3PORTAS 540L BR,BRASTEMP,BRANCO,127V,127V-220V,A,7891129243514,84181000
Jan/2020,LB_GERAL,GRO80AB,GRO80ABBNA,REFRIGERADORES,REFRIGERADOR DOMÉST 3PORTAS 540L BR,BRASTEMP,BRANCO,220V,127V-220V,A,7891129239906,84181000
Jan/2020,LB_GERAL,BRO81AR,BRO81ARANA,REFRIGERADORES,REFRIGERADOR BRASTEMP GOURM 540L,BRASTEMP,INOX,127V,127V-220V,A,7891129491632,84181000
Jan/2020,LB_GERAL,BRO81AR,BRO81ARBNA,REFRIGERADORES,REFRIGERADOR BRASTEMP GOURM 540L,BRASTEMP,INOX,220V,127V-220V,A,7891129491717,84181000
Jan/2020,LB_GERAL,CRM51ZB,CRM51ZBBNA,REFRIGERADORES,REFRIGERADOR DOMÉST 2 PORTAS 405L,CONSUL,BRANCO,220V,127V-220V,A,7891129246935,84181000
Jan/2020,LB_GERAL,CRM51ZB,CRM51ZBANA,REFRIGERADORES,REFRIGERADOR DOMÉST 2 PORTAS 405L,CONSUL,BRANCO,110V,127V-220V,A,7891129246928,84181000
Jan/2020,LB_GERAL,CRM43ZB,CRM43ZBANA,REFRIGERADORES,REFRIGERADOR FROST FREE CONSUL 386L - SELO PROCEL,CONSUL,BRANCO,127V,127V-220V,A,7891129520806,84181000
Jan/2020,LB_GERAL,CRM43ZB,CRM43ZBBNA,REFRIGERADORES,REFRIGERADOR FROST FREE CONSUL 386L - SELO PROCEL,CONSUL,BRANCO,220V,127V-220V,A,7891129520813,84181000
Jan/2020,LB_GERAL,BRM56ZB,BRM56ZBANA,REFRIGERADORES,REFRIGERADOR BRASTEMP 2P FF 462L - BRANCO - SELO PROCEL,BRASTEMP,BRANCO,127V,127V-220V,A,7891129520844,84181000
Jan/2020,LB_GERAL,BRM56ZB,BRM56ZBBNA,REFRIGERADORES,REFRIGERADOR BRASTEMP 2P FF 462L - BRANCO - SELO PROCEL,BRASTEMP,BRANCO,220V,127V-220V,A,7891129520851,84181000
Jan/2020,LB_GERAL,CRM43ZK,CRM43ZKANA,REFRIGERADORES,REFRIGERADOR FROST FREE CONSUL 386L - EVOX - SELO PROCEL,CONSUL,INOX,127V,127V-220V,A,7891129520820,84181000
Jan/2020,LB_GERAL,CRM43ZK,CRM43ZKBNA,REFRIGERADORES,REFRIGERADOR FROST FREE CONSUL 386L - EVOX - SELO PROCEL,CONSUL,INOX,220V,127V-220V,A,7891129520837,84181000
Jan/2020,LB_GERAL,BRM56ZK,BRM56ZKANA,REFRIGERADORES,REFRIGERADOR BRASTEMP 2P FF 462L - EVOX - SELO PROCEL,BRASTEMP,INOX,127V,127V-220V,A,7891129520868,84181000
Jan/2020,LB_GERAL,BRM56ZK,BRM56ZKBNA,REFRIGERADORES,REFRIGERADOR BRASTEMP 2P FF 462L - EVOX - SELO PROCEL,BRASTEMP,INOX,220V,127V-220V,A,7891129520875,84181000
Jan/2020,LB_GERAL,BSI10AB,BSI10ABANA,SECADORAS,SECADORA ATIVE - SUSPENSA,BRASTEMP,BRANCO,127V,127V-220V,A,7891129188907,84512100
Jan/2020,LB_GERAL,BSI10AB,BSI10ABBNA,SECADORAS,SECADORA ATIVE - SUSPENSA,BRASTEMP,BRANCO,220V,127V-220V,A,7891129188914,84512100
Jan/2020,LB_GERAL,BSR10AB,BSR10ABANA,SECADORAS,SECADORA ATIVE - PISO,BRASTEMP,BRANCO,127V,127V-220V,A,7891129188808,84512100
Jan/2020,LB_GERAL,BSR10AB,BSR10ABBNA,SECADORAS,SECADORA ATIVE - PISO,BRASTEMP,BRANCO,220V,127V-220V,A,7891129188815,84512100
Jan/2020,LB_GERAL,BSX10AR,BSX10ARANA,SECADORAS,SECADORA ATIVE - INOX,BRASTEMP,INOX,127V,127V-220V,A,7891129188921,84512100
Jan/2020,LB_GERAL,BSX10AR,BSX10ARBNA,SECADORAS,SECADORA ATIVE - INOX,BRASTEMP,INOX,220V,127V-220V,A,7891129188938,84512100
Jan/2020,LB_GERAL,CBA07CB,CBA07CBBNA,SPLIT,AR-CONDICIONADO SPLIT CONSUL R22 - 7K BTU ON/OFF FRIO UNID. INTERNA,CONSUL,BRANCO,220V,220V,A,7891129244405,84151011
Jan/2020,LB_GERAL,CBB07CB,CBB07CBBNA,SPLIT,AR-CONDICIONADO SPLIT CONSUL R22 - 7K BTU ON/OFF FRIO UNID. EXTERNA,CONSUL,BRANCO,220V,220V,A,7891129244412,84151011
Jan/2020,LB_GERAL,CBA09CB,CBA09CBBNA,SPLIT,AR-CONDICIONADO SPLIT CONSUL R22 - 9K BTU ON/OFF FRIO UNID. INTERNA,CONSUL,BRANCO,220V,220V,A,7891129244429,84151011
Jan/2020,LB_GERAL,CBB09CB,CBB09CBBNA,SPLIT,AR-CONDICIONADO SPLIT CONSUL R22 - 9K BTU ON/OFF FRIO UNID. EXTERNA,CONSUL,BRANCO,220V,220V,A,7891129244436,84151011
Jan/2020,LB_GERAL,CBA12CB,CBA12CBBNA,SPLIT,AR-CONDICIONADO SPLIT CONSUL R22 - 12K BTU ON/OFF FRIO UNID. INTERNA,CONSUL,BRANCO,220V,220V,A,7891129244467,84151011
Jan/2020,LB_GERAL,CBB12CB,CBB12CBBNA,SPLIT,AR-CONDICIONADO SPLIT CONSUL R22 - 12K BTU ON/OFF FRIO UNID. EXTERNA,CONSUL,BRANCO,220V,220V,A,7891129244474,84151011
Jan/2020,LB_GERAL,CBA18CB,CBA18CBBNA,SPLIT,AR-CONDICIONADO SPLIT CONSUL R22 - 18K BTU ON/OFF FRIO UNID. INTERNA,CONSUL,BRANCO,220V,220V,A,7891129244504,84151011
Jan/2020,LB_GERAL,CBB18CB,CBB18CBBNA,SPLIT,AR-CONDICIONADO SPLIT CONSUL R22 - 18K BTU ON/OFF FRIO UNID. EXTERNA,CONSUL,BRANCO,220V,220V,A,7891129244511,84151011
Jan/2020,LB_GERAL,CBA22CB,CBA22CBBNA,SPLIT,AR-CONDICIONADO SPLIT CONSUL R22 - 22K BTU ON/OFF FRIO UNID. INTERNA,CONSUL,BRANCO,220V,220V,A,7891129244542,84151011
Jan/2020,LB_GERAL,CBB22CB,CBB22CBBNA,SPLIT,AR-CONDICIONADO SPLIT CONSUL R22 - 22K BTU ON/OFF FRIO UNID. EXTERNA,CONSUL,BRANCO,220V,220V,A,7891129244559,84151011
Jan/2020,LB_GERAL,CBC09CB,CBC09CBBNA,SPLIT,AR-CONDICIONADO SPLIT CONSUL R22 - 9K BTU ON/OFF QUENTE/FRIO UNID. INTERNA,CONSUL,BRANCO,220V,220V,A,7891129244443,84151011
Jan/2020,LB_GERAL,CBD09CB,CBD09CBBNA,SPLIT,AR-CONDICIONADO SPLIT CONSUL R22 - 9K BTU ON/OFF QUENTE/FRIO UNID. EXTERNA,CONSUL,BRANCO,220V,220V,A,7891129244450,84151011
Jan/2020,LB_GERAL,CBC12CB,CBC12CBBNA,SPLIT,AR-CONDICIONADO SPLIT CONSUL R22 - 12K BTU ON/OFF QUENTE/FRIO UNID. INTERNA,CONSUL,BRANCO,220V,220V,A,7891129244481,84151011
Jan/2020,LB_GERAL,CBD12CB,CBD12CBBNA,SPLIT,AR-CONDICIONADO SPLIT CONSUL R22 - 12K BTU ON/OFF QUENTE/FRIO UNID. EXTERNA,CONSUL,BRANCO,220V,220V,A,7891129244498,84151011
Jan/2020,LB_GERAL,CBC18CB,CBC18CBBNA,SPLIT,AR-CONDICIONADO SPLIT CONSUL R22 - 18K BTU ON/OFF QUENTE/FRIO UNID. INTERNA,CONSUL,BRANCO,220V,220V,A,7891129244528,84151011
Jan/2020,LB_GERAL,CBD18CB,CBD18CBBNA,SPLIT,AR-CONDICIONADO SPLIT CONSUL R22 - 18K BTU ON/OFF QUENTE/FRIO UNID. EXTERNA,CONSUL,BRANCO,220V,220V,A,7891129244535,84151011
Jan/2020,LB_GERAL,CBC22CB,CBC22CBBNA,SPLIT,AR-CONDICIONADO SPLIT CONSUL R22 - 22K BTU ON/OFF QUENTE/FRIO UNID. INTERNA,CONSUL,BRANCO,220V,220V,A,7891129244566,84151011
Jan/2020,LB_GERAL,CBD22CB,CBD22CBBNA,SPLIT,AR-CONDICIONADO SPLIT CONSUL R22 - 22K BTU ON/OFF QUENTE/FRIO UNID. EXTERNA,CONSUL,BRANCO,220V,220V,A,7891129244573,84151011
Jan/2020,LB_GERAL,CBF09DB,CBF09DBBNA,SPLIT,AR-CONDICIONADO SPLIT CONSUL R410A - 9K BTU INVERTER FRIO UNID. INTERNA,CONSUL,BRANCO,220V,220V,A,7891129244580,84151011
Jan/2020,LB_GERAL,CBG09DB,CBG09DBBNA,SPLIT,AR-CONDICIONADO SPLIT CONSUL R410A - 9K BTU INVERTER FRIO UNID. EXTERNA,CONSUL,BRANCO,220V,220V,A,7891129244597,84151011
Jan/2020,LB_GERAL,CBF12DB,CBF12DBBNA,SPLIT,AR-CONDICIONADO SPLIT CONSUL R410A - 12K BTU INVERTER FRIO UNID. INTERNA,CONSUL,BRANCO,220V,220V,A,7891129244610,84151011
Jan/2020,LB_GERAL,CBG12DB,CBG12DBBNA,SPLIT,AR-CONDICIONADO SPLIT CONSUL R410A - 12K BTU INVERTER FRIO UNID. EXTERNA,CONSUL,BRANCO,220V,220V,A,7891129244627,84151011
Jan/2020,LB_GERAL,CBF18DB,CBF18DBBNA,SPLIT,AR-CONDICIONADO SPLIT CONSUL R410A - 18K BTU INVERTER FRIO UNID. INTERNA,CONSUL,BRANCO,220V,220V,A,7891129244658,84151011
Jan/2020,LB_GERAL,CBG18DB,CBG18DBBNA,SPLIT,AR-CONDICIONADO SPLIT CONSUL R410A - 18K BTU INVERTER FRIO UNID. EXTERNA,CONSUL,BRANCO,220V,220V,A,7891129244665,84151011
Jan/2020,LB_GERAL,CBF22DB,CBF22DBBNA,SPLIT,AR-CONDICIONADO SPLIT CONSUL R410A - 22K BTU INVERTER FRIO UNID. INTERNA,CONSUL,BRANCO,220V,220V,A,7891129244696,84151011
Jan/2020,LB_GERAL,CBG22DB,CBG22DBBNA,SPLIT,AR-CONDICIONADO SPLIT CONSUL R410A - 22K BTU INVERTER FRIO UNID. EXTERNA,CONSUL,BRANCO,220V,220V,A,7891129244702,84151011
Jan/2020,LB_GERAL,CBJ09DB,CBJ09DBBNA,SPLIT,AR-CONDICIONADO SPLIT CONSUL R410A - 9K BTU INVERTER QUENTE/FRIO UNID. INTERNA,CONSUL,BRANCO,220V,220V,A,7891129210165,84151011
Jan/2020,LB_GERAL,CBM09DB,CBM09DBBNA,SPLIT,AR-CONDICIONADO SPLIT CONSUL R410A - 9K BTU INVERTER QUENTE/FRIO UNID. EXTERNA,CONSUL,BRANCO,220V,220V,A,7891129244603,84151011
Jan/2020,LB_GERAL,CBJ12DB,CBJ12DBBNA,SPLIT,AR-CONDICIONADO SPLIT CONSUL R410A - 12K BTU INVERTER QUENTE/FRIO UNID. INTERNA,CONSUL,BRANCO,220V,220V,A,7891129244634,84151011
Jan/2020,LB_GERAL,CBM12DB,CBM12DBBNA,SPLIT,AR-CONDICIONADO SPLIT CONSUL R410A - 12K BTU INVERTER QUENTE/FRIO UNID. EXTERNA,CONSUL,BRANCO,220V,220V,A,7891129244641,84151011
Jan/2020,LB_GERAL,CBJ18DB,CBJ18DBBNA,SPLIT,AR-CONDICIONADO SPLIT CONSUL R410A - 18K BTU INVERTER QUENTE/FRIO UNID. INTERNA,CONSUL,BRANCO,220V,220V,A,7891129244672,84151011
Jan/2020,LB_GERAL,CBM18DB,CBM18DBBNA,SPLIT,AR-CONDICIONADO SPLIT CONSUL R410A - 18K BTU INVERTER QUENTE/FRIO UNID. EXTERNA,CONSUL,BRANCO,220V,220V,A,7891129244689,84151011
Jan/2020,LB_GERAL,CBJ22DB,CBJ22DBBNA,SPLIT,AR-CONDICIONADO SPLIT CONSUL R410A - 22K BTU INVERTER QUENTE/FRIO UNID. INTERNA,CONSUL,BRANCO,220V,220V,A,7891129244719,84151011
Jan/2020,LB_GERAL,CBM22DB,CBM22DBBNA,SPLIT,AR-CONDICIONADO SPLIT CONSUL R410A - 22K BTU INVERTER QUENTE/FRIO UNID. EXTERNA,CONSUL,BRANCO,220V,220V,A,7891129244733,84151011
Jan/2020,LB_GERAL,CBN09BB,CBN09BBBNA,SPLIT,AR-CONDICIONADO SPLIT CONSUL R410A - 9K BTU ON/OFF FRIO UNID. INTERNA,CONSUL,BRANCO,220V,220V,A,7891129244740,84151011
Jan/2020,LB_GERAL,CBO09BB,CBO09BBBNA,SPLIT,AR-CONDICIONADO SPLIT CONSUL R410A - 9K BTU ON/OFF FRIO UNID. EXTERNA,CONSUL,BRANCO,220V,220V,A,7891129243309,84151011
Jan/2020,LB_GERAL,CBN12BB,CBN12BBBNA,SPLIT,AR-CONDICIONADO SPLIT CONSUL R410A - 12K BTU ON/OFF FRIO UNID. INTERNA,CONSUL,BRANCO,220V,220V,A,7891129244764,84151011
Jan/2020,LB_GERAL,CBO12BB,CBO12BBBNA,SPLIT,AR-CONDICIONADO SPLIT CONSUL R410A - 12K BTU ON/OFF FRIO UNID. EXTERNA,CONSUL,BRANCO,220V,220V,A,7891129243316,84151011
Jan/2020,LB_GERAL,CBN18BB,CBN18BBBNA,SPLIT,AR-CONDICIONADO SPLIT CONSUL R410A - 18K BTU ON/OFF FRIO UNID. INTERNA,CONSUL,BRANCO,220V,220V,A,7891129244788,84151011
Jan/2020,LB_GERAL,CBO18BB,CBO18BBBNA,SPLIT,AR-CONDICIONADO SPLIT CONSUL R410A - 18K BTU ON/OFF FRIO UNID. EXTERNA,CONSUL,BRANCO,220V,220V,A,7891129243323,84151011
Jan/2020,LB_GERAL,CBN22BB,CBN22BBBNA,SPLIT,AR-CONDICIONADO SPLIT CONSUL R410A - 22K BTU ON/OFF FRIO UNID. INTERNA,CONSUL,BRANCO,220V,220V,A,7891129244801,84151011
Jan/2020,LB_GERAL,CBO22BB,CBO22BBBNA,SPLIT,AR-CONDICIONADO SPLIT CONSUL R410A - 22K BTU ON/OFF FRIO UNID. EXTERNA,CONSUL,BRANCO,220V,220V,A,7891129243330,84151011
Jan/2020,LB_GERAL,CBP09BB,CBP09BBBNA,SPLIT,AR-CONDICIONADO SPLIT CONSUL R410A - 9K BTU ON/OFF QUENTE/FRIO UNID. INTERNA,CONSUL,BRANCO,220V,220V,A,7891129244757,84151011
Jan/2020,LB_GERAL,CBQ09BB,CBQ09BBBNA,SPLIT,AR-CONDICIONADO SPLIT CONSUL R410A - 9K BTU ON/OFF QUENTE/FRIO UNID. EXTERNA,CONSUL,BRANCO,220V,220V,A,7891129243347,84151011
Jan/2020,LB_GERAL,CBP12BB,CBP12BBBNA,SPLIT,AR-CONDICIONADO SPLIT CONSUL R410A - 12K BTU ON/OFF QUENTE/FRIO UNID. INTERNA,CONSUL,BRANCO,220V,220V,A,7891129244771,84151011
Jan/2020,LB_GERAL,CBQ12BB,CBQ12BBBNA,SPLIT,AR-CONDICIONADO SPLIT CONSUL R410A - 12K BTU ON/OFF QUENTE/FRIO UNID. EXTERNA,CONSUL,BRANCO,220V,220V,A,7891129243354,84151011
Jan/2020,LB_GERAL,CBP18BB,CBP18BBBNA,SPLIT,AR-CONDICIONADO SPLIT CONSUL R410A - 18K BTU ON/OFF QUENTE/FRIO UNID. INTERNA,CONSUL,BRANCO,220V,220V,A,7891129244795,84151011
Jan/2020,LB_GERAL,CBQ18BB,CBQ18BBBNA,SPLIT,AR-CONDICIONADO SPLIT CONSUL R410A - 18K BTU ON/OFF QUENTE/FRIO UNID. EXTERNA,CONSUL,BRANCO,220V,220V,A,7891129243361,84151011
Jan/2020,LB_GERAL,CBP22BB,CBP22BBBNA,SPLIT,AR-CONDICIONADO SPLIT CONSUL R410A - 22K BTU ON/OFF QUENTE/FRIO UNID. INTERNA,CONSUL,BRANCO,220V,220V,A,7891129244818,84151011
Jan/2020,LB_GERAL,CBQ22BB,CBQ22BBBNA,SPLIT,AR-CONDICIONADO SPLIT CONSUL R410A - 22K BTU ON/OFF QUENTE/FRIO UNID. EXTERNA,CONSUL,BRANCO,220V,220V,A,7891129244825,84151011
Jan/2020,LB_GERAL,CBF09EB,CBF09EBBNA,SPLIT,UNID EVAP 9K BTU CF SPLIT INVERTER,CONSUL,Branco,220V,220V,A,7891129264557,84151011
Jan/2020,LB_GERAL,CBG09EB,CBG09EBBNA,SPLIT,UNID COND 9K BTU CF SPLIT INVERTER,CONSUL,Branco,220V,220V,A,7891129264830,84151011
Jan/2020,LB_GERAL,CBF12EB,CBF12EBBNA,SPLIT,UNID EVAP 12K BTU CF SPLIT INVERTER,CONSUL,Branco,220V,220V,A,7891129264564,84151011
Jan/2020,LB_GERAL,CBG12EB,CBG12EBBNA,SPLIT,UNID COND 12K BTU CF SPLIT INVERTER,CONSUL,Branco,220V,220V,A,7891129264847,84151011
Jan/2020,LB_GERAL,CBF18EB,CBF18EBBNA,SPLIT,UNID. EVAP. 18K BTU CF SPLIT INVERTER,CONSUL,Branco,220V,220V,A,7891129264595,84151011
Jan/2020,LB_GERAL,CBG18EB,CBG18EBBNA,SPLIT,UNID. COND. 18K BTU CF SPLIT INVERTER,CONSUL,Branco,220V,220V,A,7891129264878,84151011
Jan/2020,LB_GERAL,CBF22EB,CBF22EBBNA,SPLIT,D. EVAP. 22K BTU CF SPLIT INVERTER,CONSUL,Branco,220V,220V,A,7891129264809,84151011
Jan/2020,LB_GERAL,CBG22EB,CBG22EBBNA,SPLIT,UNID. COND. 22K BTU CF SPLIT INVERTER,CONSUL,Branco,220V,220V,A,7891129264885,84151011
Jan/2020,LB_GERAL,CBJ09EB,CBJ09EBBNA,SPLIT,UNID. EVAP. 9K BTU CR SPLIT..,CONSUL,Branco,220V,220V,A,7891129264571,84151011
Jan/2020,LB_GERAL,CBM09EB,CBM09EBBNA,SPLIT,UNID. COND. 9K BTU CR SPLIT INVERTER,CONSUL,Branco,220V,220V,A,7891129264854,84151011
Jan/2020,LB_GERAL,CBJ12EB,CBJ12EBBNA,SPLIT,UNID EVAP 12K BTU CR SPLIT INVERTER,CONSUL,Branco,220V,220V,A,7891129264588,84151011
Jan/2020,LB_GERAL,CBM12EB,CBM12EBBNA,SPLIT,UNID COND 12K BTU CR SPLIT INVERTER,CONSUL,Branco,220V,220V,A,7891129264861,84151011
Jan/2020,LB_GERAL,CBJ18EB,CBJ18EBBNA,SPLIT,UNID. EVAP. 18K BTU CR SPLIT INVERTER,CONSUL,Branco,220V,220V,A,7891129264816,84151011
Jan/2020,LB_GERAL,CBM18EB,CBM18EBBNA,SPLIT,UNID. COND. 18K BTU CR SPLIT INVERTER,CONSUL,Branco,220V,220V,A,7891129264892,84151011
Jan/2020,LB_GERAL,CBJ22EB,CBJ22EBBNA,SPLIT,UNID. EVAP. 22K BTU CR SPLIT INVERTER,CONSUL,Branco,220V,220V,A,7891129264823,84151011
Jan/2020,LB_GERAL,CBM22EB,CBM22EBBNA,SPLIT,UNID. COND. 22K BTU CR SPLIT INVERTER,CONSUL,Branco,220V,220V,A,7891129264908,84151011
Jan/2020,LB_GERAL,CBN09CB,CBN09CBBNA,SPLIT,UNID. EVAP. 09K BTU CF SPLIT,CONSUL,Branco,220V,220V,A,7891129264915,84151011
Jan/2020,LB_GERAL,CBO09CB,CBO09CBBNA,SPLIT,UNID COND 9K BTU CF SPLIT,CONSUL,Branco,220V,220V,A,7891129264953,84151011
Jan/2020,LB_GERAL,CBN12CB,CBN12CBBNA,SPLIT,UNID EVAP 12K BTU CF SPLIT,CONSUL,Branco,220V,220V,A,7891129264991,84151011
Jan/2020,LB_GERAL,CBO12CB,CBO12CBBNA,SPLIT,UND.COND.12K BTU CF SPLIT,CONSUL,Branco,220V,220V,A,7891129265011,84151011
Jan/2020,LB_GERAL,CBN18CB,CBN18CBBNA,SPLIT,UNID. EVAP. 18K BTU CF SPLIT,CONSUL,Branco,220V,220V,A,7891129264939,84151011
Jan/2020,LB_GERAL,CBO18CB,CBO18CBBNA,SPLIT,UNID. COND. 18K BTU CF SPLIT..,CONSUL,Branco,220V,220V,A,7891129264977,84151011
Jan/2020,LB_GERAL,CBN22CB,CBN22CBBNA,SPLIT,UNID. EVAP 22K BTU CF SPLIT,CONSUL,Branco,220V,220V,A,7891129265004,84151011
Jan/2020,LB_GERAL,CBO22CB,CBO22CBBNA,SPLIT,UNID. COND. 22K BTU CF SPLIT.,CONSUL,Branco,220V,220V,A,7891129265028,84151011
Jan/2020,LB_GERAL,CBP09CB,CBP09CBBNA,SPLIT,UNID. EVAP. 09K BTU CR SPLIT,CONSUL,Branco,220V,220V,A,7891129264922,84151011
Jan/2020,LB_GERAL,CBQ09CB,CBQ09CBBNA,SPLIT,UND.COND.9K BTU CR SPLIT,CONSUL,Branco,220V,220V,A,7891129264960,84151011
Jan/2020,LB_GERAL,CBP12CB,CBP12CBBNA,SPLIT,UNID EVAP 12K BTU CR SPLIT,CONSUL,Branco,220V,220V,A,7891129265035,84151011
Jan/2020,LB_GERAL,CBQ12CB,CBQ12CBBNA,SPLIT,UND.COND.12K BTU CR SPLIT,CONSUL,Branco,220V,220V,A,7891129265059,84151011
Jan/2020,LB_GERAL,CBP18CB,CBP18CBBNA,SPLIT,UNID. EVAP. 18K BTU CR SPLIT,CONSUL,Branco,220V,220V,A,7891129264946,84151011
Jan/2020,LB_GERAL,CBQ18CB,CBQ18CBBNA,SPLIT,UNID. COND. 18K BTU CR SPLIT.,CONSUL,Branco,220V,220V,A,7891129264984,84151011
Jan/2020,LB_GERAL,CBP22CB,CBP22CBBNA,SPLIT,UNID. EVAP. 22K BTU CF SPLIT,CONSUL,Branco,220V,220V,A,7891129265042,84151011
Jan/2020,LB_GERAL,CBQ22CB,CBQ22CBBNA,SPLIT,UNID. COND. 22K BTU CR SPLIT,CONSUL,Branco,220V,220V,A,7891129265066,84151011
